headline,text,outlet,resp_direction,sci_direction,resp_net_score,sci_net_score,manual_resp_code,manual_sci_code
Trump and Fauci: America's future hangs on this delicate relationship,"Trump and Fauci: America's future hangs on this delicate relationship <p>The coronavirus pandemic has created an unlikely pairing as a fearful nation looks to the two men to save it from further disaster</p><ul><li><a href=""https://www.theguardian.com/us-news/series/us-politics-live/latest"">Coronavirus – live US updates</a></li><li><a href=""https://www.theguardian.com/world/series/coronavirus-live/latest"">Live global updates</a></li><li><a href=""https://www.theguardian.com/world/coronavirus-outbreak"">See all our coronavirus coverage</a></li></ul>",Guardian,negative,absent,-0.0222222222222222,0.0,,
Biden has all but won the nomination – and Trump is looking vulnerable,"Biden has all but won the nomination – and Trump is looking vulnerable <p>Amid a botched response to the coronavirus, Democrats aren’t just looking for electability – they want competence</p>",Guardian,negative,absent,-0.0344827586206896,0.0,,
Pfizer/BioNTech Covid vaccine approved by panel clearing way for FDA authorization for emergency use – as it happened,"Pfizer/BioNTech Covid vaccine approved by panel clearing way for FDA authorization for emergency use – as it happened <ul><li>FDA’s expected approval will allow millions of doses to be shipped</li><li>3,124 deaths sets new record two weeks after Thanksgiving holiday</li><li>President Trump makes no public comment on death toll</li><li><a href=""https://www.theguardian.com/world/2020/dec/09/coronavirus-us-intensive-care-beds-crisis"">Crunch time for intensive care beds as US faces dark pandemic winter</a></li><li><a href=""https://www.theguardian.com/us-news/2020/dec/09/joe-biden-nominate-katherine-tai-us-trade-envoy"">Biden reportedly set to nominate Katherine Tai as top US trade envoy</a></li><li><a href=""https://www.theguardian.com/info/2018/sep/17/guardian-us-morning-briefing-sign-up-to-stay-informed"">Sign up to receive First Thing – our daily briefing by email</a></li></ul>",Guardian,negative,absent,-0.0235294117647058,0.0,,
Donald Trump stokes fresh coronavirus row as Wuhan reopens,"Donald Trump stokes fresh coronavirus row as Wuhan reopens <p>US president accuses World Health Organization of China bias as New York records its highest daily death toll and Wuhan lockdown eases</p><ul><li><a href=""https://www.theguardian.com/world/series/coronavirus-live/latest"">Coronavirus – latest updates</a></li><li><a href=""https://www.theguardian.com/world/coronavirus-outbreak"">See all our coronavirus coverage</a></li></ul>",Guardian,negative,absent,-0.0512820512820512,0.0,,
Pandemic shines harsh light on Trump's failure to protect pangolins,"Pandemic shines harsh light on Trump's failure to protect pangolins <p>Wildlife conservation efforts are essential to preventing outbreaks, scientists and advocates say</p><ul><li><a href=""https://www.theguardian.com/us-news/series/us-politics-live/latest"">Coronavirus – live US updates</a></li><li><a href=""https://www.theguardian.com/world/series/coronavirus-live/latest"">Live global updates</a></li><li><a href=""https://www.theguardian.com/world/coronavirus-outbreak"">See all our coronavirus coverage</a></li></ul>",Guardian,negative,absent,-0.0294117647058823,0.0,,
"If I were Donald Trump's speechwriter, this is the team talk I would suggest","If I were Donald Trump's speechwriter, this is the team talk I would suggest <p>The president seems incapable of uniting the country. So, as the Covid-19 pandemic continues to take a toll on America, I wrote him a speech</p>",Guardian,negative,absent,-0.0256410256410256,0.0,,
Global report: Trump says he ordered coronavirus testing to 'slow down',"Global report: Trump says he ordered coronavirus testing to 'slow down' <p>Testing a ‘double-edged sword’, says Trump; Chile death toll nearly doubles; Australian state ‘absolutely at risk’ of second peak</p><ul><li><a href=""https://www.theguardian.com/world/series/coronavirus-live/latest"">Coronavirus – latest updates</a><br></li><li><a href=""https://www.theguardian.com/world/coronavirus-outbreak"">See all our coronavirus coverage</a></li></ul>",Guardian,negative,absent,-0.0526315789473684,0.0,,
"'Very worst of the pandemic' ahead in US with no apparent strategy, experts say","'Very worst of the pandemic' ahead in US with no apparent strategy, experts say <p>After Trump’s election loss, no plan visible for next two months as cold weather and holidays approach</p>",Guardian,negative,absent,-0.03125,0.0,,
"Melania & Me: Ivanka Trump sought to undermine first lady, new book says","Melania & Me: Ivanka Trump sought to undermine first lady, new book says <ul><li>Details from ex-aide’s memoir revealed before key convention speech</li><li>Author suggests Trump daughter behind 2016 plagiarism fiasco</li><li><a href=""https://www.theguardian.com/us-news/live/2020/aug/25/donald-trump-republican-national-convention-rnc-coronavirus-covid-19"">US politics – live coverage</a></li></ul>",Guardian,negative,absent,-0.0294117647058823,0.0,,
UK coronavirus live: local lockdown imposed in Aberdeen; official UK death toll rises by 65 – as it happened,"UK coronavirus live: local lockdown imposed in Aberdeen; official UK death toll rises by 65 – as it happened <p>Nicola Sturgeon <a href=""https://www.theguardian.com/uk-news/2020/aug/05/emergency-lockdown-in-aberdeen-after-surge-in-covid-19-cases-pubs-restaurants-travel"">orders closure</a> of pubs and restaurants, plus bans on non-essential travel and indoor meetings. This live blog is now closed,<a href=""https://www.theguardian.com/world/live/2020/aug/05/coronavirus-live-news-trump-pressed-on-false-death-rate-claim-as-europe-faces-second-wave""> please follow the global live blog for latest updates</a></p><ul><li><a href=""https://www.theguardian.com/uk-news/2020/aug/05/emergency-lockdown-in-aberdeen-after-surge-in-covid-19-cases-pubs-restaurants-travel"">Emergency lockdown in Aberdeen could extend to other towns</a></li></ul>",Guardian,negative,absent,-0.0344827586206896,0.0,,
"Trump is culpable in deaths of Americans, says Noam Chomsky","Trump is culpable in deaths of Americans, says Noam Chomsky <p>Professor argues US president is stabbing citizens in back while pretending to be saviour</p><ul><li><a href=""https://www.theguardian.com/world/series/coronavirus-live/latest"">Coronavirus – latest updates</a></li><li><a href=""https://www.theguardian.com/world/coronavirus-outbreak"">See all our coronavirus coverage</a></li></ul>",Guardian,negative,absent,-0.03125,0.0,,
Two more Ruby Princess passengers die in NSW – as it happened,"Two more Ruby Princess passengers die in NSW – as it happened <p>There is more evidence Australia is flattening the curve of infections though the death toll has continued to grow. This blog is now closed</p><ul><li><a href=""https://www.theguardian.com/world/live/2020/apr/12/coronavirus-live-pope-easter-lockdown-us-death-toll-uk-boris-johnson-donald-trump-"">Follow our global coronavirus live updates</a></li><li><a href=""https://www.theguardian.com/australia-news/2020/apr/13/are-schools-open-closed-term-2-australia-coronavirus-easter-holidays"">Are schools open or closed for term 2? State-by-state guide</a></li><li><a href=""https://www.theguardian.com/newsletters/2020/mar/28/sign-up-for-guardian-australias-daily-coronavirus-email?CMP=cvau_sfl"">Sign up for Guardian Australia’s daily coronavirus email</a></li><li><a href=""https://www.theguardian.com/technology/ng-interactive/2018/may/15/the-guardian-app?CMP=cvau_sfl"">Download the free Guardian app to get the most important news notifications</a></li><li><a href=""https://www.theguardian.com/australia-news/datablog/ng-interactive/2020/mar/30/coronavirus-cases-in-australia-map-confirmed-numbers-stats-how-many-cases-of-covid-19-nsw-maps-victoria-live-data-qld-sa-wa-tas-nt-latest-statistics-update?CMP=cvau_sfl"">Coronavirus Australia maps and cases: live numbers and statistics</a></li></ul>",Guardian,negative,absent,-0.0246913580246913,0.0,,
UK coronavirus: government says counting of tests unchanged amid claims tally is inflated – as it happened,"UK coronavirus: government says counting of tests unchanged amid claims tally is inflated – as it happened <p>Matt Hancock says UK has passed 100,000 testing target; daily death toll at 739; major care home provider criticises Boris Johnson and calls testing regime ‘shambolic’</p><ul><li><a href=""https://www.theguardian.com/world/2020/may/01/us-germ-warfare-lab-creates-test-for-pre-infectious-covid-19-carriers"">Exclusive: US germ warfare lab creates test for pre-infectious Covid-19</a></li><li><a href=""https://www.theguardian.com/society/2020/may/01/revealed-nhs-procurement-official-privately-selling-ppe"">Revealed: NHS procurement official privately selling PPE</a></li><li><a href=""https://www.theguardian.com/politics/2020/may/01/boris-johnson-is-back-but-has-he-changed-coronavirus"">Boris Johnson is back. But has he changed?</a></li><li><a href=""https://www.theguardian.com/world/2020/may/01/could-covid-19-be-manmade-what-we-know-about-origins-trump-chinese-lab-coronavirus"">Where did Covid-19 come from? What we know about its origins</a></li><li><a href=""https://www.theguardian.com/world/series/coronavirus-live/latest"">Coronavirus – latest global updates</a></li><li><a href=""https://www.theguardian.com/world/coronavirus-outbreak"">See all our coronavirus coverage</a></li></ul>",Guardian,negative,absent,-0.0227272727272727,0.0,,
Global report: Trump threatens to pull out of WHO over 'failed response' to pandemic,"Global report: Trump threatens to pull out of WHO over 'failed response' to pandemic <p>WHO showed ‘alarming lack of independence’ from China, Trump claims; US president says he is taking hydroxychloroquine; Brazil has third highest infections</p><ul><li><a href=""https://www.theguardian.com/world/series/coronavirus-live/latest"">Coronavirus – latest updates</a></li><li><a href=""https://www.theguardian.com/world/coronavirus-outbreak"">See all our coronavirus coverage</a></li></ul>",Guardian,negative,negative,-0.0227272727272727,-0.0227272727272727,,
Global report: Trump wrongly claims Covid affects 'virtually' no young people,"Global report: Trump wrongly claims Covid affects 'virtually' no young people <p>US death toll nears 200,000; England to introduce curfews for pubs, bars, restaurants; Czech PM admits mistake in easing restrictions</p><ul><li><a href=""https://www.theguardian.com/world/series/coronavirus-live/latest"">Coronavirus – latest updates</a></li><li><a href=""https://www.theguardian.com/world/coronavirus-outbreak"">See all our coronavirus coverage</a></li></ul>",Guardian,negative,absent,-0.05,0.0,,
Fauci rebukes Trump Covid claims but offers 'no excuses' for vaccine delays,"Fauci rebukes Trump Covid claims but offers 'no excuses' for vaccine delays <ul><li>US death toll passes 350,000 as inoculations remain scarce</li><li>Administration asks Moderna to half dosage</li><li><a href=""https://www.theguardian.com/world/2021/jan/02/hundreds-thousands-more-us-covid-deaths-likely-vaccine-delay"">Hundreds of thousands more deaths feared in vaccine chaos</a><br></li></ul>",Guardian,negative,absent,-0.081081081081081,0.0,,
"Max Brooks: 'Pandemics come in predictable cycles. If I'm the smartest guy in the room, we're in big trouble'","Max Brooks: 'Pandemics come in predictable cycles. If I'm the smartest guy in the room, we're in big trouble' <p>The World War Z author talks about how science fiction turned him into a disaster expert, Donald Trump, and growing up with parents Mel Brooks and Anne Bancroft </p>",Guardian,negative,absent,-0.0212765957446808,0.0,,
"Trump likened diplomacy with Kim Jong-un to dating, Bolton says","Trump likened diplomacy with Kim Jong-un to dating, Bolton says <ul><li>Trump ‘wanted to be the one who broke up with the girl first’</li><li>Bolton says failed denuclearization effort a factor in resignation</li><li><a href=""https://www.theguardian.com/us-news/live/2020/jun/22/john-bolton-donald-trump-protests-coronavirus-phoenix-speech-latest-news-updates"">US politics – live coverage</a></li></ul>",Guardian,negative,absent,-0.0277777777777777,0.0,,
Scott Atlas resigns as Trump pandemic adviser after controversial tenure,Scott Atlas resigns as Trump pandemic adviser after controversial tenure <p>Neuroradiologist who has no expertise in infectious diseases downplayed the threat of coronavirus</p>,Guardian,negative,absent,-0.0869565217391304,0.0,,
"Government says it’s ‘too early’ to say when UK lockdown will end as death toll reaches 5,373 – as it happened","Government says it’s ‘too early’ to say when UK lockdown will end as death toll reaches 5,373 – as it happened <p>Dominic Raab confirms he has not spoken to Boris Johnson since Saturday. This liveblog is no longer being updated</p><ul><li><a href=""https://www.theguardian.com/world/live/2020/apr/06/coronavirus-live-news-boris-johnson-admitted-to-hospital-as-trump-again-touts-hydroxychloroquine#block-5e8b7fa88f08c9eaf0dafb13""><strong>Latest news: Boris Johnson admitted to intensive care</strong></a></li></ul>",Guardian,negative,absent,-0.0408163265306122,0.0,,
Trump delivers White House coronavirus briefing without public health experts – as it happened,"Trump delivers White House coronavirus briefing without public health experts – as it happened <ul><li><a href=""https://www.theguardian.com/us-news/live/2020/jul/21/coronavirus-covid-19-donald-trump-mike-pompeo-china-joe-biden-portland-live-updates?page=with:block-5f175a198f088024316ac8a7#block-5f175a198f088024316ac8a7"">President uses racist term and says crisis ‘will get worse before it gets better’</a></li><li><a href=""https://www.theguardian.com/us-news/live/2020/jul/21/coronavirus-covid-19-donald-trump-mike-pompeo-china-joe-biden-portland-live-updates?page=with:block-5f174ad88f088024316ac816#block-5f174ad88f088024316ac816"">Anthony Fauci says he was not invited to press conference</a></li><li><a href=""https://www.theguardian.com/us-news/live/2020/jul/21/coronavirus-covid-19-donald-trump-mike-pompeo-china-joe-biden-portland-live-updates?page=with:block-5f1722db8f088024316ac68d#block-5f1722db8f088024316ac68d"">Trump signs executive order to exclude undocumented people from census</a><br></li><li><a href=""https://www.theguardian.com/us-news/live/2020/jul/21/coronavirus-covid-19-donald-trump-mike-pompeo-china-joe-biden-portland-live-updates?page=with:block-5f172fab8f08f2d75cbbebd3#block-5f172fab8f08f2d75cbbebd3"">Biden says Trump has ‘quit on this country’</a></li><li><a href=""https://www.theguardian.com/us-news/live/2020/jul/21/coronavirus-covid-19-donald-trump-mike-pompeo-china-joe-biden-portland-live-updates?page=with:block-5f16fc858f088024316ac3cb#block-5f16fc858f088024316ac3cb"">McConnell outlines Republican coronavirus relief bill</a><br></li><li><a href=""https://www.theguardian.com/world/2020/jul/21/coronavirus-data-flying-blind-trump-us-failure"">US failure to report vital coronavirus data is hobbling response</a></li><li>Sign up to our <a href=""https://www.theguardian.com/info/2018/sep/17/guardian-us-morning-briefing-sign-up-to-stay-informed"">First Thing newsletter</a><br></li></ul>",Guardian,negative,positive,-0.0128205128205128,0.0256410256410256,,
Wednesday briefing: Daily UK Covid deaths worst since May,"Wednesday briefing: Daily UK Covid deaths worst since May <p>Total death toll in Britain passes 60,000 … Obama says Trump ‘jealous of Covid’s media coverage’ … the Muslim backlash against Emmanuel Macron</p>",Guardian,negative,absent,-0.0625,0.0,,
The missing six weeks: how Trump failed the biggest test of his life,The missing six weeks: how Trump failed the biggest test of his life <p>The president was aware of the danger from the coronavirus – but a lack of leadership has created an emergency of epic proportions</p>,Guardian,negative,absent,-0.0285714285714285,0.0,,
'We're making it up as we go along': how Trump's America failed the Covid test,"'We're making it up as we go along': how Trump's America failed the Covid test <p>Coronavirus has been allowed to run amok by governors and the president, spreading inexorably into the rural heart of America</p>",Guardian,negative,absent,-0.0285714285714285,0.0,,
CQC under fire from care home body for failing to report true death toll to ministers,"CQC under fire from care home body for failing to report true death toll to ministers <p>Damning letter says lack of proper data masked seriousness of the situation </p><ul><li><a href=""https://www.theguardian.com/world/live/2020/may/08/coronavirus-live-news-trump-cdc-guidance-russia-germany-france-brazil-who-190000-could-die-in-africa"">Coronavirus - latest updates</a></li><li><a href=""https://www.theguardian.com/world/coronavirus-outbreak"">Coronavirus - see all our coverage</a></li></ul>",Guardian,negative,absent,-0.0526315789473684,0.0,,
Trump claims victory over Covid,"Trump claims victory over Covid <p><strong>Tuesday: </strong>only four days after being diagnosed with coronavirus, a contagious Donald Trump emerges from hospital casting himself as a victor over Covid</p><ul><li><a href=""https://www.theguardian.com/australia-news/2020/oct/02/us-election-briefing-for-australia-sign-up-for-our-daily-email-newsletter?CMP=cvau_sfl"">Sign up to get the US election briefing for Australia delivered to your email inbox every weekday at 5pm</a></li></ul>",Guardian,positive,absent,0.0212765957446808,0.0,,
The acid test of Trump's maverick leadership has come – can he save himself?,"The acid test of Trump's maverick leadership has come – can he save himself? <p>The president’s response to the coronavirus pandemic has been ‘haphazard’, from a cascade of false statements to a public address that fueled anxiety</p><ul><li><a href=""https://www.theguardian.com/world/series/coronavirus-live"">Coronavirus – latest updates</a></li><li><a href=""https://www.theguardian.com/world/coronavirus-outbreak"">See all our coronavirus coverage</a></li></ul>",Guardian,positive,absent,0.0222222222222222,0.0,,
Tuesday briefing: 'Occasions of contagion' – Italy in lockdown,Tuesday briefing: 'Occasions of contagion' – Italy in lockdown <p>Coronavirus: Trump hints at ‘major’ economic measures … Windrush victims still hurting … and an interview with Labour leadership candidate Lisa Nandy</p>,Guardian,positive,absent,0.0357142857142857,0.0,,
Manufacturers ask government to step in to limit coronavirus damage,"Manufacturers ask government to step in to limit coronavirus damage <p>Calls for decisive action follow survey showing UK exports slumped to lowest level in three years</p><ul><li><a href=""https://www.theguardian.com/world/live/2020/mar/15/coronavirus-latest-updates-trump-tests-negative-as-spain-orders-nationwide-lockdown-uk-us-australia-italy-europe-global-economy"">Coronavirus - latest updates</a></li><li><a href=""https://www.theguardian.com/world/coronavirus-outbreak"">See all our coronavirus coverage</a></li></ul>",Guardian,positive,absent,0.0571428571428571,0.0,,
Trump aides insist Woodward tapes reveal strong leadership on Covid,"Trump aides insist Woodward tapes reveal strong leadership on Covid <ul><li>President on tape: ‘I wanted to always play it down’</li><li>Republican chair: ‘History will look back on him well’</li><li><a href=""https://www.theguardian.com/us-news/2020/sep/12/rage-review-bob-woodward-tapes-donald-trump"">Rage: Will Bob Woodward’s tapes bring down Donald Trump?</a></li></ul>",Guardian,positive,absent,0.0512820512820512,0.0,,
Trump unveils 'warp-speed' effort to create coronavirus vaccine by year's end,"Trump unveils 'warp-speed' effort to create coronavirus vaccine by year's end <ul><li>‘Operation Warp Speed’ to attempt rapid vaccine development</li><li>Bullish Trump says: ‘Vaccine or no vaccine, we’re back’</li><li><a href=""https://www.theguardian.com/us-news/series/us-politics-live/latest"">Coronavirus – live US updates</a></li><li><a href=""https://www.theguardian.com/world/series/coronavirus-live/latest"">Live global updates</a></li></ul>",Guardian,positive,positive,0.1111111111111111,0.0555555555555555,,
Covid-19 misinformation: pro-Trump and QAnon Twitter bots found to be worst culprits,Covid-19 misinformation: pro-Trump and QAnon Twitter bots found to be worst culprits <p>Researchers find coordinated effort to promote conspiracy theory that coronavirus is a bioweapon engineered by China</p>,Guardian,positive,negative,0.0357142857142857,-0.0714285714285714,,
George Floyd memorial: Al Sharpton condemns Trump's 'wickedness in high places' – as it happened,"George Floyd memorial: Al Sharpton condemns Trump's 'wickedness in high places' – as it happened <ul><li><a href=""https://www.theguardian.com/us-news/live/2020/jun/09/george-floyd-buried-black-lives-matter-trump-coronavirus-live?page=with:block-5edfca0f8f08758335228d74#block-5edfca0f8f08758335228d74"">Biden says ‘Now is the time for racial justice’ in remotely delivered message at memorial</a></li><li><a href=""https://www.theguardian.com/us-news/live/2020/jun/09/george-floyd-buried-black-lives-matter-trump-coronavirus-live?page=with:block-5edfd9808f0860ca20fa8fbc#block-5edfd9808f0860ca20fa8fbc"">Trump nearly fired Esper over dispute about protests – report</a></li><li><a href=""https://www.theguardian.com/us-news/live/2020/jun/09/george-floyd-buried-black-lives-matter-trump-coronavirus-live?page=with:block-5edf9e048f08beee219d802f#block-5edf9e048f08beee219d802f"">Trump says campaign rallies may resume ‘next week’</a></li><li><a href=""https://www.theguardian.com/us-news/2020/jun/09/protests-us-america-cars-weapons"">US protesters attacked by cars driven into crowds and men with guns</a><br></li><li>Sign up to our <a href=""https://www.theguardian.com/info/2018/sep/17/guardian-us-morning-briefing-sign-up-to-stay-informed"">First Thing newsletter</a><br></li></ul>",Guardian,positive,absent,0.0153846153846153,0.0,,
US uses coronavirus to challenge Chinese Communist party's grip on power,"US uses coronavirus to challenge Chinese Communist party's grip on power <p>Trump administration portrays crisis as example of danger Beijing’s leadership poses to China and the world</p><ul><li><a href=""https://www.theguardian.com/us-news/series/us-politics-live/latest"">Coronavirus – latest US updates</a></li><li><a href=""https://www.theguardian.com/world/series/coronavirus-live/latest"">C</a><a href=""https://www.theguardian.com/world/series/coronavirus-live/latest"">oronavirus – latest global updates</a></li><li><a href=""https://www.theguardian.com/world/coronavirus-outbreak"">See all our coronavirus coverage</a></li></ul>",Guardian,positive,absent,0.0238095238095238,0.0,,
Trump again claims Covid-19 will 'go away' as Fauci warns of long road ahead,"Trump again claims Covid-19 will 'go away' as Fauci warns of long road ahead <p>Fauci says virus may be under control at end of 2021 as US faces 4.8m cases and more than 157,000 deaths</p>",Guardian,positive,absent,0.027027027027027,0.0,,
White House down - Covid upturns the US election (again): the 9 October Guardian Weekly,"White House down - Covid upturns the US election (again): the 9 October Guardian Weekly <p>This week, a supreme spreader event in the White House Rose Garden put half of the Trump administration in quarantine. How did it happen – and what will the fallout be? </p><p><a href=""https://support.theguardian.com/uk/subscribe/weekly?promoCode=WWM62X"">Get the Guardian Weekly delivered to your home here</a></p>",Guardian,positive,absent,0.0185185185185185,0.0,,
Democratic candidates say Georgia Senate elections will be decisive for US,"Democratic candidates say Georgia Senate elections will be decisive for US <ul><li>Jon Ossoff and Raphael Warnock face runoff votes on 5 January</li><li>Victory in both races could swing control of Senate to Democrats</li><li><a href=""https://www.theguardian.com/us-news/live/2020/nov/15/donald-trump-fox-news-election-joe-biden-covid-maga-march-live-news"">US politics – live coverage</a></li></ul>",Guardian,positive,absent,0.027027027027027,0.0,,
"Piers Morgan, voice of reason? Now I know the apocalypse is nigh","Piers Morgan, voice of reason? Now I know the apocalypse is nigh <p>The broadcaster has been praised for his Covid-19 response, even turning on his friend Donald Trump. Shame the racism was not enough</p>",Guardian,positive,absent,0.0294117647058823,0.0,,
Trump downplays Covid as cases soar,"Trump downplays Covid as cases soar <p>The president says the US has ‘turned a corner’ on the virus despite case numbers rising in most states</p><ul><li><a href=""https://www.theguardian.com/australia-news/2020/oct/02/us-election-briefing-for-australia-sign-up-for-our-daily-email-newsletter?CMP=cvau_sfl"">Sign up to get the US election briefing for Australia delivered to your email inbox every weekday at 5pm</a></li></ul><ul><br></ul>",Guardian,positive,absent,0.0227272727272727,0.0,,
Trump skips G20 pandemic event to visit golf club as virus ravages US,"Trump skips G20 pandemic event to visit golf club as virus ravages US <p>195,500 new US cases reported in 24-hour period as president skips event focused on ‘coordinated response’ to Covid</p>",Guardian,positive,absent,0.03125,0.0,,
Could the Covid surge be hurting Trump in the midwest?,"Could the Covid surge be hurting Trump in the midwest? <p>Donald Trump continues to downplay the virus, as cases rise in key battleground states</p><ul><li><a href=""https://www.theguardian.com/australia-news/2020/oct/02/us-election-briefing-for-australia-sign-up-for-our-daily-email-newsletter?CMP=cvau_sfl"">Sign up to get this US election briefing for Australia delivered to your email inbox every weekday at 5pm</a></li></ul>",Guardian,positive,absent,0.0232558139534883,0.0,,
US Navy captain fired for raising coronavirus concerns tests positive himself,"US Navy captain fired for raising coronavirus concerns tests positive himself <ul><li>Brett Crozier dismissed from USS Theodore Roosevelt</li><li>Defense secretary insists navy leadership behind firing</li><li><a href=""https://www.theguardian.com/world/live/2020/apr/05/coronavirus-us-deaths-trump-latest-news-updates"">Coronavirus – US updates</a></li><li><a href=""https://www.theguardian.com/world/series/coronavirus-live/latest"">Coronavirus – global updates</a></li><li><a href=""https://www.theguardian.com/world/coronavirus-outbreak"">See all our coronavirus coverage</a></li></ul>",Guardian,positive,absent,0.0277777777777777,0.0,,
Trump 'decapitating' intelligence leadership amid coronavirus crisis – Schiff,Trump 'decapitating' intelligence leadership amid coronavirus crisis – Schiff <p>President says someone should ‘sue the ass off’ whistleblower whose complaint fired official relayed</p>,Guardian,positive,absent,0.0454545454545454,0.0,,
Pence says US is taking 'decisive action' on Covid-19 after Trump's confusing speech,"Pence says US is taking 'decisive action' on Covid-19 after Trump's confusing speech <p>Vice-president admits coronavirus is more lethal than seasonal flu and attempts to clear up confusion over insurance</p><ul><li><a href=""https://www.theguardian.com/world/2020/mar/02/how-to-protect-yourself-coronavirus"">How to protect yourself against coronavirus</a></li><li><a href=""https://www.theguardian.com/world/2020/mar/12/coronavirus-symptoms-what-are-they-and-should-i-see-a-doctor"">What are the symptoms and should I see a doctor?</a></li></ul>",Guardian,positive,absent,0.0434782608695652,0.0,,
Scramble under way in Washington to trace spread of Covid among US leadership,"Scramble under way in Washington to trace spread of Covid among US leadership <p>Donald Trump’s positive test after hectic week puts White House into crisis mode </p><ul><li><a href=""https://www.theguardian.com/world/series/coronavirus-live/latest"">Coronavirus – latest updates</a></li><li><a href=""https://www.theguardian.com/world/coronavirus-outbreak"">See all our coronavirus coverage</a></li></ul>",Guardian,positive,absent,0.0285714285714285,0.0,,
October surprise! Social media restricts Biden story,"October surprise! Social media restricts Biden story <p>Facebook and Twitter take steps to stem the reach of New York Post story as Melania Trump reveals Barron had Covid too</p><ul><li><a href=""https://www.theguardian.com/australia-news/2020/oct/02/us-election-briefing-for-australia-sign-up-for-our-daily-email-newsletter?CMP=cvau_sfl"">Sign up to get the US election briefing for Australia delivered to your email inbox every weekday at 5pm</a></li></ul>",Guardian,positive,absent,0.0208333333333333,0.0,,
First Thing: Trump flouts Covid regulations with another indoor rally,"First Thing: Trump flouts Covid regulations with another indoor rally <p>President held apacked event for thousands in Nevada, as aides insisted he had shown ‘strong leadership’ on the pandemic. Plus, Dominic Thiem breaks the big three’s hold on grand slams</p>",Guardian,positive,absent,0.048780487804878,0.0,,
Only three out of 53 countries say US has handled coronavirus better than China,Only three out of 53 countries say US has handled coronavirus better than China <p>Survey reveals deep global dissatisfaction with US leadership under Donald Trump<br></p>,Guardian,positive,absent,0.04,0.0,,
"In true nativist fashion, Trump is blaming immigrants for US problems","In true nativist fashion, Trump is blaming immigrants for US problems <p>A global pandemic has delivered a nativist, if temporary and ad hoc, fever dream. It could get much worse</p>",Guardian,positive,absent,0.0333333333333333,0.0,,
Biden sexual assault accuser Tara Reade calls on him to drop out of 2020 race – as it happened,"Biden sexual assault accuser Tara Reade calls on him to drop out of 2020 race – as it happened <ul><li>Reade sat down with Megyn Kelly for on-camera interview</li><li><a href=""https://www.theguardian.com/world/live/2020/may/07/coronavirus-us-live-donald-trump-shelves-cdc-reopening-guidelines-cuomo-latest-news-updates?page=with:block-5eb4224f8f08b874d8d6278a#block-5eb4224f8f08b874d8d6278a"">Personal valet to Trump test positive for coronavirus</a></li><li><a href=""https://www.theguardian.com/world/live/2020/may/07/coronavirus-us-live-donald-trump-shelves-cdc-reopening-guidelines-cuomo-latest-news-updates?page=with:block-5eb435848f0858b1a8105f8e#block-5eb435848f0858b1a8105f8e"">House announces task force to investigate ‘China’s cover-up’</a></li><li><a href=""https://www.theguardian.com/world/live/2020/may/07/coronavirus-us-live-donald-trump-shelves-cdc-reopening-guidelines-cuomo-latest-news-updates?page=with:block-5eb401358f084f376b965122#block-5eb401358f084f376b965122"">Trump shelves CDC’s reopening guidelines for being too cautious</a><br></li><li><a href=""https://www.theguardian.com/business/2020/may/07/us-unemployment-jobless-coronavirus-economy"">Three million more Americans file for unemployment</a></li><li><a href=""https://www.theguardian.com/technology/2020/may/07/amazon-warehouse-workers-coronavirus-time-off-california"">Revealed: Amazon told workers sick leave law doesn’t cover warehouses</a></li><li><a href=""https://www.theguardian.com/world/series/coronavirus-live/latest"">Live global updates</a><br></li><li>Get a fresh perspective on America – sign up to our <a href=""https://www.theguardian.com/info/2018/sep/17/guardian-us-morning-briefing-sign-up-to-stay-informed"">First Thing newsletter</a><br></li></ul>",Guardian,positive,absent,0.0113636363636363,0.0,,
First Thing: Trump is undermining America's coronavirus recovery,"First Thing: Trump is undermining America's coronavirus recovery <p>Public health experts say the president’s lack of leadership has actively hindered the efforts of his own administration. Plus, why jaywalking laws should be abolished</p>",Guardian,neutral,positive,0.0,0.0294117647058823,,
Coronavirus US live: Trump rails against media and gun control in combative briefing – as it happened,"Coronavirus US live: Trump rails against media and gun control in combative briefing – as it happened <ul><li><a href=""https://www.theguardian.com/world/live/2020/apr/18/coronavirus-us-live-growing-protests-stay-home-orders-trump-latest-news-updates?page=with:block-5e9b34068f080ee11044772f#block-5e9b34068f080ee11044772f"">‘Reopen Maryland’ protesters gather in Annapolis</a></li><li><a href=""https://www.theguardian.com/us-news/2020/apr/18/operation-reopen-america-are-we-about-to-witness-a-second-historic-failure-of-leadership-from-trump"">Operation reopen America: are we about to witness a second historic failure of leadership from Trump?</a></li><li><a href=""https://www.theguardian.com/world/2020/apr/18/one-world-together-at-home-watch-live-lizzo-billie-eilish"">Watch live! Lizzo, Billie Eilish, Rolling Stones to appear in One World event for frontline health workers</a></li><li><a href=""https://www.theguardian.com/world/series/coronavirus-live/latest"">Live global updates</a><br></li><li><a href=""https://www.theguardian.com/world/coronavirus-outbreak"">See all our coronavirus coverage</a></li><li>Support the Guardian’s independent journalism. Make a <a href=""https://support.theguardian.com/uk/contribute?acquisitionData=%7B%22source%22%3A%22GUARDIAN_WEB%22%2C%22componentType%22%3A%22ACQUISITIONS_OTHER%22%2C%22componentId%22%3A%22Live_Blog%22%2C%22campaignCode%22%3A%22Impeachment%22%2C%22referrerPageviewId%22%3A%22k95mu56ty17yev9rj51d%22%2C%22referrerUrl%22%3A%22https%3A%2F%2Fwww.theguardian.com%2Fus-news%2Flive%2F2020%2Fapr%2F17%2Fcoronavirus-us-live-trump-reopening-plan-states-governors-latest-updates%22%7D&amp;INTCMP=Impeachment"">contribution</a></li></ul>",Guardian,neutral,absent,0.0,0.0,,
Inside Trump’s Failure: The Rush to Abandon Leadership Role on the Virus,"Inside Trump’s Failure: The Rush to Abandon Leadership Role on the Virus The roots of the nation’s current inability to control the pandemic can be traced to mid-April, when the White House embraced overly rosy projections to proclaim victory and move on.",NYT,neutral,absent,0.0,0.0,,
Fauci confirms New York Times report Trump rebuffed social distancing advice,"Fauci confirms New York Times report Trump rebuffed social distancing advice <p>Health adviser says on CNN ‘you could logically say if you started mitigation earlier, you could have saved lives’</p><ul><li><a href=""https://www.theguardian.com/us-news/series/us-politics-live/latest"">Coronavirus – live US updates</a></li><li><a href=""https://www.theguardian.com/world/series/coronavirus-live/latest"">Live global updates</a></li><li><a href=""https://www.theguardian.com/world/coronavirus-outbreak"">See all our coronavirus coverage</a></li></ul>",Guardian,neutral,absent,0.0,0.0,,
‘Dangerously incompetent’: medical journal condemns Trump’s handling of pandemic,‘Dangerously incompetent’: medical journal condemns Trump’s handling of pandemic <p>New England Journal of Medicine publishes editorial saying current US leadership ‘recklessly squandered lives’</p>,Guardian,neutral,absent,0.0,0.0,,
Covid-19 turns battleground states into hotspots as Trump trails Biden in polls,"Covid-19 turns battleground states into hotspots as Trump trails Biden in polls <p>President is accused of historic failure of leadership for downplaying the virus and ignoring its resurgence in several states</p><ul><li><a href=""https://www.theguardian.com/us-news/live/2020/jun/29/donald-trump-russian-bounties-taliban-coronavirus-protests-live-latest-news-updates"">US politics – live coverage</a></li></ul>",Guardian,neutral,absent,0.0,0.0,,
John Oliver: Trump's pandemic leadership has been 'borderline sociopathic',John Oliver: Trump's pandemic leadership has been 'borderline sociopathic' <p>The Last Week Tonight hosts rips Donald Trump’s leadership during the pandemic as eight months of ‘damaging lies’ and ‘staggering incompetence’</p>,Guardian,neutral,absent,0.0,0.0,,
Seth Meyers on Trump's 'recount fund': 'Everything he does is a scam',Seth Meyers on Trump's 'recount fund': 'Everything he does is a scam' <p>Late-night hosts blast Trump’s ‘election defense fund’ to pay his campaign’s debt and the leadership vacuum exacerbating the surging pandemic</p>,Guardian,neutral,absent,0.0,0.0,,
Covid-19 is exposing the frailty in autocrats and democrats alike,"Covid-19 is exposing the frailty in autocrats and democrats alike The weakness of Trump and Xi has been revealed. But the EU and the UN are not yet filling the leadership vacuum<br />• <a href=""https://www.theguardian.com/world/live/2020/mar/14/coronavirus-live-updates-uk-us-australia-italy-europe-school-shutdown-sport-events-cancelled-latest-update-news"" title="""">Coronavirus – latest updates</a><br />• <a href=""https://www.theguardian.com/world/coronavirus-outbreak"" title="""">See all our coronavirus coverage</a>",Guardian,neutral,absent,0.0,0.0,,
'They refused to act': inside a chilling documentary on Trump's bungled Covid-19 response,"'They refused to act': inside a chilling documentary on Trump's bungled Covid-19 response <p>Totally Under Control recounts the early days of the pandemic in the US, revealing in clinical detail a disastrous federal response to a preventable crisis</p>",Guardian,neutral,negative,0.0,-0.0263157894736842,,
Chaos follows Trump's return to the White House,"Chaos follows Trump's return to the White House <p>President orders a sudden halt to economic relief talks as White House Covid cluster continues to grow</p><ul><li><a href=""https://www.theguardian.com/australia-news/2020/oct/02/us-election-briefing-for-australia-sign-up-for-our-daily-email-newsletter?CMP=cvau_sfl"">Sign up to get the US election briefing for Australia delivered to your email inbox every weekday at 5pm</a></li></ul>",Guardian,neutral,absent,0.0,0.0,,
Trump claims China will 'do anything' to stop his re-election as coronavirus row escalates,"Trump claims China will 'do anything' to stop his re-election as coronavirus row escalates <p>President again raises possible retaliation against Beijing over coronavirus as Chinese media criticises lack of leadership in the US</p><ul><li><a href=""https://www.theguardian.com/world/series/coronavirus-live/latest"">Coronavirus – latest updates</a></li><li><a href=""https://www.theguardian.com/world/coronavirus-outbreak"">See all our coronavirus coverage</a></li></ul>",Guardian,neutral,absent,0.0,0.0,,
Out of control Covid casts pall over Trump campaign,"Out of control Covid casts pall over Trump campaign <p>America passes new daily cases milestone as Trump aide says ‘we’re not going to control the pandemic’</p><ul><li><a href=""https://www.theguardian.com/australia-news/2020/oct/02/us-election-briefing-for-australia-sign-up-for-our-daily-email-newsletter?CMP=cvau_sfl"">Sign up to get this US election briefing for Australia delivered to your email inbox every weekday at 5pm</a></li></ul>",Guardian,neutral,absent,0.0,0.0,,
Totally Under Control review – shocking film on Trump's failure to handle Covid-19,"Totally Under Control review – shocking film on Trump's failure to handle Covid-19 <p>Alex Gibney’s eye-opening documentary, made in secret, assembles a damning, if frustratingly incomplete, timeline of a government ill-equipped to deal with a deadly pandemic</p>",Guardian,neutral,negative,0.0,-0.027027027027027,,
"Kimberly Guilfoyle, Donald Trump Jr's girlfriend, tests positive for Covid-19","Kimberly Guilfoyle, Donald Trump Jr's girlfriend, tests positive for Covid-19 <p>Ex-Fox News presenter is key fundraiser for Trump re-election campaign and latest of president’s circle to contract the disease</p><p><a href=""https://www.theguardian.com/world/2020/jul/03/coronavirus-us-daily-case-increase-fauci-trump"">US records highest daily increase in coronavirus cases</a></p>",Guardian,absent,absent,0.0,0.0,,
Biden presents new defense chief as son Hunter reveals his taxes are being investigated – as it happened,"Biden presents new defense chief as son Hunter reveals his taxes are being investigated – as it happened <ul><li><a href=""https://www.theguardian.com/us-news/live/2020/dec/09/joe-biden-doanld-trump-coronavirus-covid-19-vaccine-us-election-live-updates?page=with:block-5fd11b318f08e8a610dd8937#block-5fd11b318f08e8a610dd8937"">Biden introduces Lloyd Austin as his nominee to lead US defense</a></li><li><a href=""https://www.theguardian.com/us-news/live/2020/dec/09/joe-biden-doanld-trump-coronavirus-covid-19-vaccine-us-election-live-updates?page=with:block-5fd139728f0892e7c1ad2b02#block-5fd139728f0892e7c1ad2b02"">Hunter: ‘I handled my affairs legally and appropriately’</a></li><li><a href=""https://www.theguardian.com/us-news/live/2020/dec/09/joe-biden-doanld-trump-coronavirus-covid-19-vaccine-us-election-live-updates?page=with:block-5fd125988f08afb1724b72c3#block-5fd125988f08afb1724b72c3"">Pennsylvania governor tests positive for coronavirus</a></li><li><a href=""https://www.theguardian.com/world/2020/dec/09/canada-approves-pfizer-vaccine-and-plans-to-begin-rollout-next-week-as-us-awaits-decision"">Canada approves Pfizer vaccine and plans to begin rollout next week</a></li><li><a href=""https://www.theguardian.com/world/2020/dec/09/health-secretary-alex-azar-vaccine-biden"">Trump’s health secretary meets Biden team to talk vaccine rollout</a></li><li><a href=""https://www.theguardian.com/info/2018/sep/17/guardian-us-morning-briefing-sign-up-to-stay-informed"">Sign up to receive First Thing – our daily briefing by email</a><br></li></ul>",Guardian,absent,absent,0.0,0.0,,
Trump and Biden to hold dueling town halls after canceled debate,"Trump and Biden to hold dueling town halls after canceled debate <p>Two events came about after Trump backed out of virtual debate with Biden, following president’s testing positive for coronavirus</p>",Guardian,absent,absent,0.0,0.0,,
'It was fueled by hate and bigotry': one year on from the El Paso shooting,"'It was fueled by hate and bigotry': one year on from the El Paso shooting <p>Since a gunman killed 23 in the Texas border town, it’s faced anti-immigrant rhetoric from Donald Trump – and now Covid-19</p>",Guardian,absent,absent,0.0,0.0,,
"Coronavirus US live: Donald Trump predicts 'a very, very painful two weeks' – as it happened","Coronavirus US live: Donald Trump predicts 'a very, very painful two weeks' – as it happened <ul><li><a href=""https://www.theguardian.com/us-news/2020/mar/31/amazon-strike-worker-fired-organizing-walkout-chris-smallls"">Amazon fires worker who led New York warehouse strike</a></li><li><a href=""https://www.theguardian.com/us-news/2020/mar/31/detroit-coronavirus-america-michigan-poverty"">Detroit: America’s next Covid-19 hotspot prepares for surge</a></li><li><a href=""https://www.theguardian.com/us-news/live/2020/mar/31/coronavirus-us-live-new-york-governor-peak-cases-trump-america-outbreak-pandemic?page=with:block-5e8363228f087564da1e3253#block-5e8363228f087564da1e3253"">CNN’s Chris Cuomo diagnosed with coronavirus</a></li><li><a href=""https://www.theguardian.com/world/coronavirus-outbreak"">See all our coronavirus coverage</a><br></li><li>Support the Guardian’s independent journalism. Make a <a href=""https://support.theguardian.com/uk/contribute?acquisitionData=%7B%22source%22%3A%22GUARDIAN_WEB%22%2C%22componentType%22%3A%22ACQUISITIONS_OTHER%22%2C%22componentId%22%3A%22Live_Blog%22%2C%22campaignCode%22%3A%22Impeachment%22%2C%22referrerPageviewId%22%3A%22k8fw1sj3v7lrpw6c5oj1%22%2C%22referrerUrl%22%3A%22https%3A%2F%2Fwww.theguardian.com%2Fus-news%2Flive%2F2020%2Fmar%2F30%2Fcoronavirus-us-live-updates-donald-trump-deaths-america-new-york-fauci%22%7D&amp;INTCMP=Impeachment"">contribution</a></li></ul>",Guardian,absent,absent,0.0,0.0,,
UK spent £20m buying up stocks of HIV and malaria drugs,"UK spent £20m buying up stocks of HIV and malaria drugs <p>Government spent £2m on hydroxychloroquine, touted by Trump as a Covid-19 cure</p><ul><li><a href=""https://www.theguardian.com/world/series/coronavirus-live/latest"">Coronavirus – latest updates</a></li><li><a href=""https://www.theguardian.com/world/coronavirus-outbreak"">See all our coronavirus coverage</a></li></ul>",Guardian,absent,negative,0.0,-0.032258064516129,,
Australian government says a coronavirus general lockdown remains an option,"Australian government says a coronavirus general lockdown remains an option <p>Chief medical officer Brendan Murphy says school closures and stockpiling a fortnight’s food are ‘premature’ at the moment<br></p><ul><li><a href=""https://www.theguardian.com/world/live/2020/mar/15/coronavirus-latest-updates-trump-tests-negative-as-spain-orders-nationwide-lockdown-uk-us-australia-italy-europe-global-economy"">Coronavirus latest updates: all arrivals in Australia must self-isolate, says PM</a></li><li><a href=""https://www.theguardian.com/world/2020/mar/15/all-overseas-arrivals-in-australia-must-self-isolate-for-14-days-amid-new-coronavirus-rules"">All overseas arrivals in Australia must self-isolate for 14 days under new rules</a></li><li><a href=""https://www.theguardian.com/world/2020/mar/15/coronavirus-australian-infections-rise-as-vivid-cancelled-but-nrl-matches-to-continue"">Australian infections rise to over 250 as Vivid cancels but NRL matches continue</a></li><li><a href=""https://www.theguardian.com/world/2020/mar/14/australian-government-launches-coronavirus-publicity-blitz-as-country-runs-low-on-testing-kits"">Australian government launches publicity blitz as country runs low on testing kits</a></li></ul>",Guardian,absent,absent,0.0,0.0,,
Trump's national security adviser tests positive for coronavirus,"Trump's national security adviser tests positive for coronavirus <ul><li>White House insists ‘no risk’ of Trump being exposed </li><li>Photos of Robert O’Brien’s Europe trip show lack of mask usage</li><li><a href=""https://www.theguardian.com/us-news/live/2020/jul/27/covid-19-coronanvirus-deaths-republicans-democrats-trump-latest-news-updates"">US politics – live updates</a></li></ul>",Guardian,absent,absent,0.0,0.0,,
"White House says Trump doesn’t know of QAnon, despite his tacit endorsement","White House says Trump doesn’t know of QAnon, despite his tacit endorsement <ul><li>Conspiracy theory holds that Trump is fighting a group of ‘global elites’ engaged in ‘satanic cult of pedophiles and cannibals’ <br></li><li><a href=""https://www.theguardian.com/us-news/2020/aug/02/qanon-conspiracy-theory-republican-party-candidates"">How QAnon is finding a home in the Republican party</a></li><li><a href=""https://www.theguardian.com/us-news/live/2020/aug/23/donald-trump-sister-niece-tapes-biden-harris-coronavirus-us-politics-latest-news-updates-live"">US politics – live coverage</a></li></ul>",Guardian,absent,negative,0.0,-0.0212765957446808,,
China to cut US tariffs as coronavirus risks deepen,"China to cut US tariffs as coronavirus risks deepen <p>Markets rally after Beijing unveils plan to halve extra levies on 1,717 US products</p><ul><li><a href=""https://www.theguardian.com/business/live/2020/feb/06/china-slashes-us-tariffs-coronavirus-virus-trump-trade-sterling-brexit-business-live"">European stocks hit record high – business live</a></li></ul>",Guardian,absent,absent,0.0,0.0,,
Breonna Taylor protests: what we know so far,"Breonna Taylor protests: what we know so far <p>The decision not to lay any direct charges over the killing of Breonna Taylor in Louisville have sparked protests across the nation</p><ul><li><a href=""https://www.theguardian.com/us-news/live/2020/sep/23/joe-biden-campaign-north-carolina-donald-trump-covid-coronavirus-supreme-court-us-politics-live"">Breonna Taylor decision: two officers shot in Louisville as protests erupt across US – live</a> </li></ul>",Guardian,absent,absent,0.0,0.0,,
Coronavirus contact: Ivanka Trump works from home after meeting Peter Dutton,Coronavirus contact: Ivanka Trump works from home after meeting Peter Dutton <p>Trump says she was at home ‘out of an abundance of caution’ while White House says Dutton was asymptomatic during meeting </p>,Guardian,absent,absent,0.0,0.0,,
Trump says US to suspend travel from Europe in coronavirus speech – as it happened,"Trump says US to suspend travel from Europe in coronavirus speech – as it happened <ul><li>Restrictions will not apply to UK, president says</li><li><a href=""https://www.theguardian.com/us-news/2020/mar/11/five-takeaways-primaries-democrats-joe-biden-bernie-sanders"">Five key takeaways from primaries</a><br></li><li>In this defining moment for America, support The Guardian’s independent journalism. Make a <a href=""https://support.theguardian.com/contribute?acquisitionData=%7B%22source%22%3A%22GUARDIAN_WEB%22%2C%22componentType%22%3A%22ACQUISITIONS_OTHER%22%2C%22componentId%22%3A%22Live_Blog%22%2C%22campaignCode%22%3A%22Impeachment%22%7D&amp;INTCMP=Impeachment"">contribution</a></li></ul>",Guardian,absent,absent,0.0,0.0,,
Trump calls coronavirus criticism Democrats' 'new hoax' and links it to immigration,Trump calls coronavirus criticism Democrats' 'new hoax' and links it to immigration <p>The president was in South Carolina where he falsely called ‘the Democrat policy of open borders’ a threat to Americans’ health</p>,Guardian,absent,negative,0.0,-0.0303030303030303,,
DoJ officials condemn Barr's approval of voter fraud inquiries without evidence,"DoJ officials condemn Barr's approval of voter fraud inquiries without evidence <p>Richard Pilger, justice department official in charge of voter fraud investigations, resigned due to ‘ramifications’ of Barr’s move</p><ul><li><a href=""https://www.theguardian.com/us-news/2020/nov/10/donald-trump-longshot-election-lawsuits"">Trump’s longshot election lawsuits: where do things stand?</a></li><li><a href=""https://www.theguardian.com/us-news/live/2020/nov/10/us-election-2020-joe-biden-donald-trump-supreme-court-obamacare-affordable-care-act-coronavirus-covid-live-updates"">US politics – live updates</a></li></ul>",Guardian,absent,negative,0.0,-0.0232558139534883,,
'Don't ask me. Ask China': Trump clashes with reporters then abruptly leaves press briefing,"'Don't ask me. Ask China': Trump clashes with reporters then abruptly leaves press briefing <p>President lashes out at Asian American journalist who queried his constant emphasis on being first in testing</p><ul><li><a href=""https://www.theguardian.com/us-news/series/us-politics-live/latest"">Coronavirus – latest US updates</a></li><li><a href=""https://www.theguardian.com/world/series/coronavirus-live/latest"">C</a><a href=""https://www.theguardian.com/world/series/coronavirus-live/latest"">oronavirus – latest global updates</a></li></ul>",Guardian,absent,absent,0.0,0.0,,
White House Adviser Warned of Risks of Pandemic; Trump Misleads on Testing,"White House Adviser Warned of Risks of Pandemic; Trump Misleads on Testing Britain’s prime minister, Boris Johnson, has been moved to intensive care, and the Supreme Court rejected an extension of Wisconsin’s voting deadline.",NYT,absent,absent,0.0,0.0,,
Nancy Pelosi fears for 'morbidly obese' Trump after hydroxychloroquine admission,"Nancy Pelosi fears for 'morbidly obese' Trump after hydroxychloroquine admission <p>The US House Speaker says president should not be taking a drug that has not been approved to ward off coronavirus</p><ul><li><a href=""https://www.theguardian.com/world/series/coronavirus-live/latest"">Coronavirus – latest updates</a></li><li><a href=""https://www.theguardian.com/world/coronavirus-outbreak"">See all our coronavirus coverage</a></li><li><a href=""https://www.theguardian.com/world/2020/apr/22/hydroxychloroquine-coronavirus-scientific-studies-research"">Hydroxychloroquine and coronavirus: a guide to the scientific studies so far</a></li><li><a href=""https://www.theguardian.com/news/audio/2020/apr/16/hydroxychloroquine-how-did-an-unproven-drug-become-trumps-miracle-cure"">Podcast: the story behind Trump’s ‘miracle’ drug hydroxychloroquine</a></li></ul>",Guardian,absent,negative,0.0,-0.0169491525423728,,
Testing times ahead for Donald Trump,Testing times ahead for Donald Trump <p>Trump’s Covid diagnosis | BBC | Modern terminology | Boris Johnson</p>,Guardian,absent,absent,0.0,0.0,,
"Rudy Giuliani has coronavirus, Donald Trump says","Rudy Giuliani has coronavirus, Donald Trump says <p>Multiple US media reports say the lawyer is in hospital, as Arizona closes state legislature for a week in wake of his recent visit</p><ul><li><a href=""https://www.theguardian.com/world/2020/dec/06/california-covid-lockdown-us-new-cases-hospitalisations-deaths-stay-at-home-order"">California set for Covid lockdown as US cases surge</a><br></li></ul>",Guardian,absent,absent,0.0,0.0,,
"Donald Trump suspended from Facebook indefinitely, says Mark Zuckerberg","Donald Trump suspended from Facebook indefinitely, says Mark Zuckerberg <p>Facebook CEO accuses president of intending to undermine peaceful transition of power</p><ul><li><a href=""https://www.theguardian.com/us-news/live/2021/jan/07/joe-biden-donald-trump-mike-pence-capitol-congress-us-election-coronavirus-live-updates"">Latest development in US politics – live</a></li></ul>",Guardian,absent,absent,0.0,0.0,,
Dr Jill Biden says op-ed attack a surprise – but won't let president-elect fight back,"Dr Jill Biden says op-ed attack a surprise – but won't let president-elect fight back <p>Wall Street Journal column mocked doctorate in education but incoming first lady tells husband to ‘take high road’</p><ul><li><a href=""https://www.theguardian.com/us-news/live/2020/dec/18/us-coronavirus-cases-deaths-covid-vaccine-moderna-fda-congress-stimulus-trump-biden-latest-updates"">US politics – live coverage</a></li></ul>",Guardian,absent,absent,0.0,0.0,,
"Coronavirus cases pass 100,000 globally as Iran threatens force to restrict travel","Coronavirus cases pass 100,000 globally as Iran threatens force to restrict travel <p>WHO calls on countries to make containing spread their highest priority, as Trump signs emergency spending bill</p><ul><li><a href=""https://www.theguardian.com/world/live/2020/mar/06/coronavirus-update-latest-live-news-symptoms-cases-global-infection-rate-uk-usa-australia-italy-china-updates"">Follow the latest on Covid-19</a></li><li><a href=""https://www.theguardian.com/science/2020/jan/23/tell-us-have-you-been-affected-by-the-coronavirus"">Share your experiences</a></li></ul>",Guardian,absent,absent,0.0,0.0,,
Jared Kushner's coronavirus overreach puts more American lives on the line,Jared Kushner's coronavirus overreach puts more American lives on the line <p>Trump’s adviser bragged of his own wisdom and reportedly told the president that Cuomo was being ‘alarmist’ </p>,Guardian,absent,absent,0.0,0.0,,
California Announces Early Coronavirus Deaths; Trump Narrows Immigration Ban,California Announces Early Coronavirus Deaths; Trump Narrows Immigration Ban A 60-day pause in immigration will not apply to guest workers. The Senate passed a $484 billion aid package.,NYT,absent,absent,0.0,0.0,,
WHO warns of 'one big wave' of virus – as it happened,"WHO warns of 'one big wave' of virus – as it happened <p><a href=""https://www.theguardian.com/world/live/2020/jul/28/coronavirus-live-news-who-says-covid-19-is-easily-the-most-severe-crisis-it-has-faced?page=with:block-5f1fe41f8f08609a03a918d7#block-5f1fe41f8f08609a03a918d7"">Three regions in Spain</a> highlighted; global cases <a href=""https://www.theguardian.com/world/live/2020/jul/28/coronavirus-live-news-who-says-covid-19-is-easily-the-most-severe-crisis-it-has-faced?page=with:block-5f1f60ad8f08609a03a91539#block-5f1f60ad8f08609a03a91539"">doubled in last six weeks</a>; deaths worldwide <a href=""https://www.theguardian.com/world/live/2020/jul/28/coronavirus-live-news-who-says-covid-19-is-easily-the-most-severe-crisis-it-has-faced?page=with:block-5f1f53668f0823e23bc8c479#block-5f1f53668f0823e23bc8c479"">pass 650,000</a>. This blog is now closed</p><ul><li><a href=""https://www.theguardian.com/world/live/2020/jul/29/coronavirus-live-news-us-deaths-near-150000-as-italy-extends-state-of-emergency"">Follow the latest global coronavirus live blog here</a></li><li><a href=""https://www.theguardian.com/world/2020/jul/28/global-report-covid-19-still-accelerating-warns-who-as-restrictions-return-in-europe"">Covid-19 still accelerating, warns WHO, as restrictions return in Europe</a></li><li><a href=""https://www.theguardian.com/us-news/2020/jul/28/donald-trump-jr-twitter-restricted-hydroxychloroquine"">Twitter limits Donald Trump Jr’s account for posting misinformation</a></li><li><a href=""https://www.theguardian.com/uk-news/2020/jul/28/clapped-out-of-icu-dead-days-later-secondary-impact-of-covid-19-stroke-clots-coronavirus"">Clapped out of ICU, dead days later: the secondary impact of Covid-19</a></li><li><a href=""https://www.theguardian.com/world/2020/jul/28/covid-19-outbreak-in-xinjiang-prompts-fears-of-spread-inside-chinas-camps"">Outbreak in Xinjiang prompts fears of spread inside Uighur camps</a></li><li><a href=""https://www.theguardian.com/world/2020/jul/28/uk-holidaymakers-returning-from-spain-decry-unfair-coronavirus-quarantine"">UK holidaymakers returning from Spain decry ‘unfair’ quarantine</a></li></ul>",Guardian,absent,negative,0.0,-0.0109890109890109,,
White House claims US is 'a leader' in coronavirus fight despite rise in cases in many states – as it happened,"White House claims US is 'a leader' in coronavirus fight despite rise in cases in many states – as it happened <ul><li><a href=""https://www.theguardian.com/us-news/live/2020/jul/06/coronavirus-frederick-douglass-statue-donald-trump-live-updates?page=with:block-5f03648e8f08470ce8322185#block-5f03648e8f08470ce8322185"">Kayleigh McEnany: ‘The world is looking at us as a leader’</a></li><li><a href=""https://www.theguardian.com/us-news/live/2020/jul/06/coronavirus-frederick-douglass-statue-donald-trump-live-updates?page=with:block-5f036bb38f0881d4e4cc7133#block-5f036bb38f0881d4e4cc7133"">Trump criticizes sports teams for changing their names</a></li><li><a href=""https://www.theguardian.com/sport/2020/jul/06/donald-trump-bubba-wallace-noose-tweet-nascar"">Trump launches baseless attack on Bubba Wallace over noose ‘hoax’</a></li><li><a href=""https://www.theguardian.com/us-news/live/2020/jul/06/coronavirus-frederick-douglass-statue-donald-trump-live-updates?page=with:block-5f03303a8f0832109a71a06b#block-5f03303a8f0832109a71a06b"">Supreme court rules states can punish ‘faithless electors’</a></li><li><a href=""https://www.theguardian.com/us-news/2020/jul/06/dakota-access-pipeline-environment-oil"">Judge suspends Dakota Access pipeline</a></li><li>Sign up to our <a href=""https://www.theguardian.com/info/2018/sep/17/guardian-us-morning-briefing-sign-up-to-stay-informed"">First Thing newsletter</a><br></li></ul>",Guardian,absent,negative,0.0,-0.0289855072463768,,
Three-quarters of Australians say Scott Morrison should rebuke Craig Kelly for Covid misinformation,Three-quarters of Australians say Scott Morrison should rebuke Craig Kelly for Covid misinformation <p>Poll shows more than half of Australians also want the PM to condemn Donald Trump for his role in inciting the Capitol riots</p>,Guardian,absent,negative,0.0,-0.0277777777777777,,
Trump's hydroxychloroquine habit is the triumph of rightwing quackery,"Trump's hydroxychloroquine habit is the triumph of rightwing quackery <p>The president’s anti-science cult represents the nadir of a long tradition of conspiracy-loving wingnuts from the fringes of American conservatism</p><ul><li><a href=""https://www.theguardian.com/us-news/series/us-politics-live/latest"">Coronavirus – latest US updates</a></li><li><a href=""https://www.theguardian.com/world/series/coronavirus-live/latest"">C</a><a href=""https://www.theguardian.com/world/series/coronavirus-live/latest"">oronavirus – latest global updates</a></li></ul>",Guardian,absent,negative,0.0,-0.0512820512820512,,
'It’s a hoax. There's no pandemic': Trump's base stays loyal as president fights Covid,'It’s a hoax. There's no pandemic': Trump's base stays loyal as president fights Covid <p>News that the president has contracted coronavirus prompted alarm and confusion among Trump supporters in Missouri</p>,Guardian,absent,negative,0.0,-0.032258064516129,,
Has Trump been trying out his own dodgy medical advice? It would explain a few things,Has Trump been trying out his own dodgy medical advice? It would explain a few things <p>The president has announced he is taking hydroxychloroquine to fight coronavirus. Perhaps he has also been injecting bleach in front of Fox News</p>,Guardian,absent,negative,0.0,-0.0512820512820512,,
Trump fires Cisa boss - as it happened,"Trump fires Cisa boss - as it happened <ul><li>In a tweet firing Chris Krebs, Trump repeated baseless fraud claims</li><li><a href=""https://www.theguardian.com/us-news/live/2020/nov/17/us-election-joe-biden-donald-trump-coronavirus-covid-19-live-updates?page=with:block-5fb43c108f08b4f3c5674a31#block-5fb43c108f08b4f3c5674a31"">Court rules officials did not improperly block Trump’s campaign from observing counting of mail-in ballots</a></li><li><a href=""https://www.theguardian.com/us-news/live/2020/nov/17/us-election-joe-biden-donald-trump-coronavirus-covid-19-live-updates?page=with:block-5fb452a48f08161b0b9c6d32#block-5fb452a48f08161b0b9c6d32"">Senator Chuck Grassley tests positive for Covid-19</a></li><li><a href=""https://www.theguardian.com/us-news/live/2020/nov/17/us-election-joe-biden-donald-trump-coronavirus-covid-19-live-updates?page=with:block-5fb435a88f081d2fbd0d83d8#block-5fb435a88f081d2fbd0d83d8"">Judy Shelton’s Fed nomination fails to advance</a></li><li><a href=""https://www.theguardian.com/us-news/2020/nov/17/joe-biden-appointments-jen-o-malley-dillon"">Biden’s names first White House appointments</a></li><li><a href=""https://www.theguardian.com/info/2018/sep/17/guardian-us-morning-briefing-sign-up-to-stay-informed"">Sign up to receive First Thing – our daily briefing by email</a><br></li></ul>",Guardian,absent,negative,0.0,-0.0147058823529411,,
Six months of Trump's Covid denials: ‘It'll go away … It’s fading’,"Six months of Trump's Covid denials: ‘It'll go away … It’s fading’ <p>Trump repeats his promise that the virus will disappear as US passes another somber milestone of 150,000 confirmed deaths</p>",Guardian,absent,negative,0.0,-0.03125,,
Trump tells Americans to take unproven malaria drug to prevent Covid-19,"Trump tells Americans to take unproven malaria drug to prevent Covid-19 <p>President’s own public health advisers have warned against taking hydroxychloroquine </p><ul><li><a href=""https://www.theguardian.com/us-news/series/us-politics-live/latest"">Coronavirus – live US updates</a></li><li><a href=""https://www.theguardian.com/world/series/coronavirus-live/latest"">Live global updates</a></li><li><a href=""https://www.theguardian.com/world/coronavirus-outbreak"">See all our coronavirus coverage</a></li></ul>",Guardian,absent,negative,0.0,-0.0588235294117647,,
"Goodbye Trump, hello Biden: how America is waving goodbye to a shocking, shameful era","Goodbye Trump, hello Biden: how America is waving goodbye to a shocking, shameful era <p>Trump’s brutal policies and spread of misinformation have divided the US. Uniting the country will be Biden’s biggest task<br></p><ul><li><a href=""https://www.theguardian.com/us-news/live/2020/nov/08/us-election-2020-joe-biden-donald-trump-kamala-harris-coronavirus-covid-19-live-updates"">‘Let us be the nation we know we can be’: Biden speaks after defeating Trump - US election 2020 live updates</a></li></ul>",Guardian,absent,negative,0.0,-0.0178571428571428,,
UK bulk buys hydroxychloroquine as potential Covid-19 treatment,"UK bulk buys hydroxychloroquine as potential Covid-19 treatment <p>Drug taken by Trump being acquired in case it proves effective against coronavirus<br></p><ul><li><a href=""https://www.theguardian.com/world/series/coronavirus-live/latest"">Coronavirus – latest updates</a></li><li><a href=""https://www.theguardian.com/world/coronavirus-outbreak"">See all our coronavirus coverage</a></li></ul>",Guardian,absent,negative,0.0,-0.0344827586206896,,
Trump tweets that Biden 'won' – but repeats baseless vote fraud claim,"Trump tweets that Biden 'won' – but repeats baseless vote fraud claim <p>The Democrat scored a 306-232 electoral college victory but president writes ‘he won because the election was rigged’</p><ul><li><a href=""https://www.theguardian.com/us-news/live/2020/nov/15/donald-trump-fox-news-election-joe-biden-covid-maga-march-live-news"">US politics – live coverage</a></li></ul>",Guardian,absent,negative,0.0,-0.0303030303030303,,
Hillary Clinton to say at DNC: 'Vote like our lives and livelihoods are on the line' – as it happened,"Hillary Clinton to say at DNC: 'Vote like our lives and livelihoods are on the line' – as it happened <ul><li><a href=""https://www.theguardian.com/us-news/live/2020/aug/19/donald-trump-coronavirus-covid-19-barack-obama-joe-biden-kamala-harris-dnc-democratic-national-convention-live-updates?page=with:block-5f3d8ba28f089b3b72ad0226#block-5f3d8ba28f089b3b72ad0226"">2016 presidential nominee does not mince words about former rival</a></li><li><a href=""https://www.theguardian.com/us-news/live/2020/aug/19/donald-trump-coronavirus-covid-19-barack-obama-joe-biden-kamala-harris-dnc-democratic-national-convention-live-updates?page=with:block-5f3d6d5f8f0863d6ba039d5c#block-5f3d6d5f8f0863d6ba039d5c"">Pelosi: postmaster general Louis DeJoys will not reverse USPS changes</a></li><li><a href=""https://www.theguardian.com/us-news/live/2020/aug/19/donald-trump-coronavirus-covid-19-barack-obama-joe-biden-kamala-harris-dnc-democratic-national-convention-live-updates?page=with:block-5f3cf0938f089b3b72acfa20#block-5f3cf0938f089b3b72acfa20"">Obama expected to denounce Trump’s ‘cynical moves’ on mail-in voting</a><br></li><li><a href=""https://www.theguardian.com/us-news/2020/aug/18/democratic-convention-joe-biden-dnc-2020-second-night"">Democrats formally nominate Biden for president</a><br></li><li><a href=""https://www.theguardian.com/us-news/2020/aug/19/alexandria-ocasio-cortez-accuses-nbc-spreading-misinformation-dnc-speech"">Ocasio-Cortez accuses NBC of spreading misinformation after speech</a></li><li>Sign up to our <a href=""https://www.theguardian.com/info/2018/sep/17/guardian-us-morning-briefing-sign-up-to-stay-informed"">First Thing newsletter</a><br></li></ul>",Guardian,absent,negative,0.0,-0.0140845070422535,,
‘Please don’t inject bleach’: Trump’s wild coronavirus claims prompt disbelief,"‘Please don’t inject bleach’: Trump’s wild coronavirus claims prompt disbelief <p>During Thursday’s coronavirus briefing the president floated the idea of ‘an injection inside’ – and medical doctors were quick to denounce it</p><ul><li><a href=""https://www.theguardian.com/us-news/series/us-politics-live/latest"">Coronavirus – live US updates</a></li><li><a href=""https://www.theguardian.com/world/series/coronavirus-live/latest"">Live global updates</a></li><li><a href=""https://www.theguardian.com/world/coronavirus-outbreak"">See all our coronavirus coverage</a></li></ul>",Guardian,absent,negative,0.0,-0.0434782608695652,,
Coronavirus: medical experts denounce Trump's theory of 'disinfectant injection',"Coronavirus: medical experts denounce Trump's theory of 'disinfectant injection' <p>Doctors warn US president’s musings on disinfectant as a cure for coronavirus could lead to death</p><ul><li><a href=""https://www.theguardian.com/us-news/series/us-politics-live/latest"">Coronavirus – latest US updates</a></li><li><a href=""https://www.theguardian.com/world/series/coronavirus-live/latest"">C</a><a href=""https://www.theguardian.com/world/series/coronavirus-live/latest"">oronavirus – latest global updates</a></li><li><a href=""https://www.theguardian.com/world/coronavirus-outbreak"">See all our coronavirus coverage</a></li></ul>",Guardian,absent,negative,0.0,-0.025,,
'It's an exhausting story': Jonathan Karl on his up-close view of Trump,"'It's an exhausting story': Jonathan Karl on his up-close view of Trump <p>ABC’s chief White House correspondent on his new book Front Row at the Trump Show, fake news, coronavirus and why the Trump presidency is a matter of life and death</p>",Guardian,absent,negative,0.0,-0.0232558139534883,,
How Trump and Bolsonaro Broke Latin America’s Covid-19 Defenses,"How Trump and Bolsonaro Broke Latin America’s Covid-19 Defenses The two presidents drove out 10,000 Cuban doctors and nurses. They defunded the region’s leading health agency. They wrongly pushed hydroxychloroquine as a cure.",NYT,absent,negative,0.0,-0.0277777777777777,,
Revealed: leader of group peddling bleach as coronavirus 'cure' wrote to Trump this week,"Revealed: leader of group peddling bleach as coronavirus 'cure' wrote to Trump this week <p>Mark Grenon wrote to Trump saying chlorine dioxide ‘can rid the body of Covid-19’ days before the president promoted disinfectant as treatment</p><ul><li><a href=""https://www.theguardian.com/us-news/series/us-politics-live/latest"">Coronavirus – latest US updates</a></li><li><a href=""https://www.theguardian.com/world/series/coronavirus-live/latest"">C</a><a href=""https://www.theguardian.com/world/series/coronavirus-live/latest"">oronavirus – latest global updates</a></li><li><a href=""https://www.theguardian.com/world/coronavirus-outbreak"">See all our coronavirus coverage</a></li></ul>",Guardian,absent,negative,0.0,-0.04,,
Trump touts hydroxychloroquine as a cure for Covid-19. Don't believe the hype,"Trump touts hydroxychloroquine as a cure for Covid-19. Don't believe the hype <p>The anti-malaria drug could be ‘one of the biggest game-changers’, Trump claimed, but there is no magic cure</p><ul><li><a href=""https://www.theguardian.com/us-news/series/us-politics-live/latest"">Coronavirus – live US updates</a></li><li><a href=""https://www.theguardian.com/world/series/coronavirus-live/latest"">Live global updates</a></li><li><a href=""https://www.theguardian.com/world/coronavirus-outbreak"">See all our coronavirus coverage</a></li></ul>",Guardian,absent,negative,0.0,-0.0238095238095238,,
Twitter limits Donald Trump Jr's account for posting Covid-19 misinformation,Twitter limits Donald Trump Jr's account for posting Covid-19 misinformation <p>President’s son had shared a viral video published by Breitbart that contained false claims about hydroxychloroquine</p>,Guardian,absent,negative,0.0,-0.1111111111111111,,
Trump doesn’t seem to understand how voting works. Here’s what you need to know,"Trump doesn’t seem to understand how voting works. Here’s what you need to know <p>With Covid-19 and Trump’s false claims of voter fraud, this year’s election is especially fraught. So here’s our guide to help you through</p>",Guardian,absent,negative,0.0,-0.0238095238095238,,
Trump says he’s taking hydroxychloroquine against Covid-19 despite FDA warnings,"Trump says he’s taking hydroxychloroquine against Covid-19 despite FDA warnings <p>President says he’s been taking drug for ‘a couple of weeks’ but FDA has issued repeated warning about the dangers of the drug</p><ul><li><a href=""https://www.theguardian.com/us-news/series/us-politics-live/latest"">Coronavirus – live US updates</a></li><li><a href=""https://www.theguardian.com/world/series/coronavirus-live/latest"">Live global updates</a></li><li><a href=""https://www.theguardian.com/world/2020/apr/22/hydroxychloroquine-coronavirus-scientific-studies-research"">Hydroxychloroquine: a guide to the scientific studies so far</a></li><li><a href=""https://www.theguardian.com/news/audio/2020/apr/16/hydroxychloroquine-how-did-an-unproven-drug-become-trumps-miracle-cure"">Podcast: the story behind Trump’s ‘miracle’ drug hydroxychloroquine</a></li></ul>",Guardian,absent,negative,0.0,-0.0166666666666666,,
'Spectacular': Trump praises doctor who dismissed face masks after viral video,'Spectacular': Trump praises doctor who dismissed face masks after viral video <p>Clip claiming benefits of hydroxychloroquine for coronavirus was removed by social media companies over false information</p>,Guardian,absent,negative,0.0,-0.074074074074074,,
Deborah Birx warns Covid-19 now 'extraordinarily widespread' in US – as it happened,"Deborah Birx warns Covid-19 now 'extraordinarily widespread' in US – as it happened <ul><li>Birx says virus has taken a hold over large parts of the US</li><li>GOP reportedly to ban media from Republican national convention </li><li><a href=""https://www.theguardian.com/us-news/2020/aug/02/william-barr-attorney-general-trump-washington"">Is US attorney general William Barr a danger to democracy?</a></li><li><a href=""https://www.theguardian.com/us-news/2020/aug/02/qanon-conspiracy-theory-republican-party-candidates"">QAnon is finding a home in the Republican party</a></li><li>Sign up to our <a href=""https://www.theguardian.com/info/2018/sep/17/guardian-us-morning-briefing-sign-up-to-stay-informed"">First Thing newsletter</a></li></ul>",Guardian,absent,positive,0.0,0.0166666666666666,,
First Thing: July was the worst month of the pandemic so far in the US,"First Thing: July was the worst month of the pandemic so far in the US <p>Nancy Pelosi said she had no confidence in Trump’s top Covid-19 scientist, Dr Deborah Birx, as US cases approach 5m. Plus: how Beyoncé became one of our most significant film-makers</p><ul><li><a href=""https://www.theguardian.com/info/2018/sep/17/guardian-us-morning-briefing-sign-up-to-stay-informed"">Don’t already get First Thing in your inbox? Sign up here</a></li></ul>",Guardian,absent,positive,0.0,0.0172413793103448,,
Coronavirus news on Saturday: Beijing back into partial lockdown as new cluster emerges,"Coronavirus news on Saturday: Beijing back into partial lockdown as new cluster emerges <p>Anthony Fauci calls Trump rallies a danger to health; Australia’s chief medical officers warns against BLM rallies – as it happened</p><ul><li><a href=""https://www.theguardian.com/politics/2020/jun/12/chief-nurse-dropped-from-no-10-briefing-for-not-backing-cummings"">Chief nurse dropped from No 10 briefing ‘for not backing Cummings</a></li><li><a href=""https://www.theguardian.com/world/2020/jun/12/brazil-coronavirus-death-toll-second-highest"">Brazil overtakes UK with world’s second-highest Covid-19 death toll</a></li><li><a href=""https://www.theguardian.com/world/2020/jun/12/india-coronavirus-agony-i-did-everything-to-save-my-wife-and-baby"">India’s agony: ‘I did everything to save my wife and baby’</a></li></ul>",Guardian,negative,positive,-0.0298507462686567,0.0149253731343283,,
"Birx warns US entering ‘deadly phase’ of Covid, contradicting Trump’s message","Birx warns US entering ‘deadly phase’ of Covid, contradicting Trump’s message <p>Deborah Birx says ‘we are entering the most concerning and most deadly phase’ as Trump claims US is ‘rounding the corner’</p>",Guardian,absent,positive,0.0,0.0303030303030303,,
Biden says US's 5m Covid cases 'breaks the heart' and hits out at Trump's 'lies and excuses' – as it happened,"Biden says US's 5m Covid cases 'breaks the heart' and hits out at Trump's 'lies and excuses' – as it happened <ul><li><a href=""https://www.theguardian.com/us-news/live/2020/aug/09/donald-trump-coronavirus-relief-bill-us-approaches-5m-covid-19-cases-live-news-latest-updates?page=with:block-5f3002aa8f0803fbf9403be1#block-5f3002aa8f0803fbf9403be1"">America leads the world by quite some way in cases of the deadly virus</a></li><li><a href=""https://www.theguardian.com/world/2020/aug/09/covid-19-us-midwest-masks-missouri-iowa"">‘</a><a href=""https://www.theguardian.com/world/2020/aug/09/covid-19-us-midwest-masks-missouri-iowa"">This is unstoppable’: midwest braces for a Covid-19 surge</a></li><li><a href=""https://www.theguardian.com/world/2020/aug/09/dr-deborah-birx-coronavirus-trump"">Dr Deborah Birx: voice of scientific reason or apologist for Trump?</a></li><li> <a href=""https://www.theguardian.com/us-news/2020/aug/08/trump-signs-orders-for-coronavirus-relief-with-lower-level-of-extra-aid-for-jobless"">Trump signs order for coronavirus relief</a><br></li><li>Sign up to our <a href=""https://www.theguardian.com/info/2018/sep/17/guardian-us-morning-briefing-sign-up-to-stay-informed"">First Thing newsletter</a></li></ul>",Guardian,absent,positive,0.0,0.0149253731343283,,
Trump aide Mnuchin: US does not face recession though shutdowns mount,"Trump aide Mnuchin: US does not face recession though shutdowns mount <ul><li>Treasury secretary Mnuchin: coronavirus is ‘unique situation’</li><li>Dr Anthony Fauci: ‘Life is not going to be the way it used to be’</li><li><a href=""https://www.theguardian.com/world/2020/mar/14/coronavirus-us-testing-donald-trump"">Trump’s testing failures pave way to disaster, experts say</a></li><li><a href=""https://www.theguardian.com/world/live/2020/mar/15/coronavirus-latest-updates-trump-tests-negative-as-spain-orders-nationwide-lockdown-uk-us-australia-italy-europe-global-economy"">Coronavirus outbreak – live updates</a></li></ul>",Guardian,negative,positive,-0.0212765957446808,0.0212765957446808,,
These self-appointed coronavirus experts really need to pipe down,"These self-appointed coronavirus experts really need to pipe down Donald Trump, Nigel Farage and the Twitterati should leave the public announcements to the epidemiologists",Guardian,absent,positive,0.0,0.0416666666666666,,
US records highest daily coronavirus case total since July,"US records highest daily coronavirus case total since July <ul><li>68,000 new cases on Friday amid Covid-19 resurgence</li><li>Dr Fauci warns of danger of ‘high community infection baseline’</li><li><a href=""https://www.theguardian.com/us-news/2020/oct/17/trump-wisconsin-rally-election"">Trump to hold Wisconsin rally despite public gathering warning</a></li></ul>",Guardian,absent,positive,0.0,0.027027027027027,,
Trump insists October vaccine possible despite CDC director's caution – as it happened,"Trump insists October vaccine possible despite CDC director's caution – as it happened <ul><li><a href=""https://www.theguardian.com/us-news/live/2020/sep/16/donald-trump-joe-biden-coronavirus-covid-19-masks-hurricane-sally-west-coast-wildfires-us-politics-live?page=with:block-5f6284fd8f0867352829d16a#block-5f6284fd8f0867352829d16a"">President says at briefing: ‘I’m just telling you we’re ready to go’</a></li><li><a href=""https://www.theguardian.com/us-news/live/2020/sep/16/donald-trump-joe-biden-coronavirus-covid-19-masks-hurricane-sally-west-coast-wildfires-us-politics-live?page=with:block-5f62377b8f080a32d0c92996#block-5f62377b8f080a32d0c92996"">CDC: vaccine will not be widely available until mid- to late 2021</a></li><li><a href=""https://www.theguardian.com/us-news/live/2020/sep/16/donald-trump-joe-biden-coronavirus-covid-19-masks-hurricane-sally-west-coast-wildfires-us-politics-live?page=with:block-5f6248248f080a32d0c92a85#block-5f6248248f080a32d0c92a85"">HHS spokesperson taking leave of absence amid controversy</a></li><li>Sign up for our <a href=""https://www.theguardian.com/info/2018/sep/17/guardian-us-morning-briefing-sign-up-to-stay-informed"">First Thing newsletter</a><br></li></ul>",Guardian,absent,positive,0.0,0.0188679245283018,,
Dr Deborah Birx: voice of scientific reason or apologist for Trump?,Dr Deborah Birx: voice of scientific reason or apologist for Trump? <p>The coordinator of the White House coronavirus taskforce built her reputation fighting Aids but is she compromising it by indulging the president’s whims?</p>,Guardian,absent,positive,0.0,0.0285714285714285,,
Coronavirus US: FDA approves experimental drug remdesivir for emergency use – as it happened,"Coronavirus US: FDA approves experimental drug remdesivir for emergency use – as it happened <ul><li>Approval comes days after Dr Anthony Fauci expressed cautious optimism about results of drug trial</li><li>New York schools to remain closed for rest of academic year<br></li><li><a href=""https://www.theguardian.com/us-news/2020/may/01/trump-michigan-protesters-gretchen-whitmer"">Trump says Whitmer should ‘make a deal’ with protesters</a></li><li><a href=""https://www.theguardian.com/world/live/2020/may/01/coronavirus-live-news-uk-is-past-the-peak-as-trump-claims-evidence-virus-started-in-wuhan-lab"">Coronavirus – global updates</a></li><li><a href=""https://www.theguardian.com/world/coronavirus-outbreak"">See all our coronavirus coverage</a><br></li><li>Get a fresh perspective on America – sign up to our <a href=""https://www.theguardian.com/info/2018/sep/17/guardian-us-morning-briefing-sign-up-to-stay-informed"">First Thing newsletter</a></li></ul>",Guardian,absent,positive,0.0,0.0144927536231884,,
Pelosi accuses Trump of costing US lives with coronavirus denials and delays,"Pelosi accuses Trump of costing US lives with coronavirus denials and delays <p>House speaker criticizes president on CNN while Dr Anthony Fauci says as many as 200,000 Americans may die</p><ul><li><a href=""https://www.theguardian.com/us-news/series/us-politics-live/latest"">Coronavirus – live US updates</a></li><li><a href=""https://www.theguardian.com/world/series/coronavirus-live/latest"">Live global updates</a></li><li><a href=""https://www.theguardian.com/world/coronavirus-outbreak"">See all our coronavirus coverage</a></li></ul>",Guardian,absent,positive,0.0,0.0232558139534883,,
"Trump health official says ‘biology independent of politics’ as US nears 200,000 Covid deaths","Trump health official says ‘biology independent of politics’ as US nears 200,000 Covid deaths <p>Coronavirus taskforce member says both Trump and CDC director were correct in their contradictory statements about a vaccine</p>",Guardian,absent,positive,0.0,0.0303030303030303,,
Nancy Pelosi says she has no confidence in Deborah Birx over handling of pandemic,"Nancy Pelosi says she has no confidence in Deborah Birx over handling of pandemic <p>Senior scientist on taskforce defends administration but warns that widespread infections mark a ‘new phase’ for US</p><ul><li><a href=""https://membership.theguardian.com/event/the-fight-to-vote-in-conversation-with-eric-holder-114295208044?INTCMP=gdnwb_editorial_editorial_live_Holder_Event_US__liveblog"">Join us for an online event with Eric Holder to discuss voter suppression in the 2020 election, Thursday at 5pm ET. Register now</a></li></ul>",Guardian,absent,positive,0.0,0.0185185185185185,,
Donald Trump attacks Anthony Fauci over wary assessment of NFL season,"Donald Trump attacks Anthony Fauci over wary assessment of NFL season <ul><li>US president expresses confidence NFL season will happen</li><li><a href=""https://www.theguardian.com/sport/2020/jun/18/nfl-ncaa-football-season-fauci-coronavirus"">Fauci said Thursday that ‘football may not happen this year’</a></li><li>Trump says he’ll tune out if players don’t stand for anthem</li></ul>",Guardian,absent,positive,0.0,0.0238095238095238,,
Scientists Worry About Political Influence Over Coronavirus Vaccine Project,Scientists Worry About Political Influence Over Coronavirus Vaccine Project Operation Warp Speed has moved along at a rapid clip. But some people involved in the process fear pressure to deliver an October surprise for President Trump.,NYT,positive,positive,0.0555555555555555,0.0277777777777777,,
US surgeon general warns of 'Pearl Harbor moment' as Americans face 'hardest week',"US surgeon general warns of 'Pearl Harbor moment' as Americans face 'hardest week' <ul><li>Trump echoed that idea in a White House briefing, but said there’s ‘a light at the end of the tunnel’</li><li>Jerome Adams reaches for second world war imagery</li><li><a href=""https://www.theguardian.com/world/live/2020/apr/05/coronavirus-us-deaths-trump-latest-news-updates"">Coronavirus – US updates</a><br></li><li><a href=""https://www.theguardian.com/world/series/coronavirus-live/latest"">Coronavirus – global updates</a></li><li><a href=""https://www.theguardian.com/world/coronavirus-outbreak"">See all our coronavirus coverage</a></li></ul>",Guardian,absent,positive,0.0,0.0188679245283018,,
Donald Trump threatens to fire Anthony Fauci after US election,"Donald Trump threatens to fire Anthony Fauci after US election <p>President plays up to chants of ‘Fire Fauci’ at curfew-breaching Florida rally</p><p><a href=""https://www.theguardian.com/world/live/2020/nov/02/coronavirus-live-news-who-chief-tedros-in-quarantine-as-global-deaths-near-12m"">Coronavirus global updates</a></p>",Guardian,absent,positive,0.0,0.04,,
"Morning mail: Australia signs vaccine deal, Trump attacks Michelle Obama, charity via Zoom","Morning mail: Australia signs vaccine deal, Trump attacks Michelle Obama, charity via Zoom <p><strong>Wednesday</strong>: Australians will get the University of Oxford’s Covid-19 vaccine for free if it clears clinical trials. Plus, electric vehicle sales triple</p>",Guardian,absent,positive,0.0,0.0277777777777777,,
Biden team plan shake-up to get coronavirus shots into US arms,"Biden team plan shake-up to get coronavirus shots into US arms <p>Trump’s Operation Warp Speed led to vaccines in record time but was a communications and logistical ‘failure’, experts say</p>",Guardian,positive,positive,0.064516129032258,0.032258064516129,,
First Thing: Trump 'spooked' by White House Covid-19 cases,"First Thing: Trump 'spooked' by White House Covid-19 cases <p>Anthony Fauci is in quarantine and Mike Pence ‘taking precautions’ after staffers test positive. Plus, the first wave of ‘coronawashing’</p><ul><li><strong><a href=""https://www.theguardian.com/info/2018/sep/17/guardian-us-morning-briefing-sign-up-to-stay-informed"">Don’t already get First Thing in your inbox? Sign up here</a></strong></li></ul>",Guardian,absent,positive,0.0,0.024390243902439,,
First Thing: American scientists wade into politics with a Trump rebuke,"First Thing: American scientists wade into politics with a Trump rebuke <p>More than 1,200 have signed a letter urging the president to ‘restore science-based policy in government’. Plus, how Covid-19 could transform European tourism </p><ul><li><a href=""https://www.theguardian.com/info/2018/sep/17/guardian-us-morning-briefing-sign-up-to-stay-informed"">Don’t already get First Thing in your inbox? Sign up here</a></li></ul>",Guardian,absent,positive,0.0,0.0212765957446808,,
The US doctors taking Trump’s lead on hydroxychloroquine – despite mixed results,"The US doctors taking Trump’s lead on hydroxychloroquine – despite mixed results <p>The American Association of Physicians and Surgeons, a fringe group, offers advice that isn’t ‘consistent with evidence-based medicine’, experts say</p><ul><li><a href=""https://www.theguardian.com/us-news/series/us-politics-live/latest"">Coronavirus – live US updates</a></li><li><a href=""https://www.theguardian.com/world/series/coronavirus-live/latest"">Live global updates</a></li></ul>",Guardian,absent,neutral,0.0,0.0,,
Coronavirus US live: Maryland's Republican governor concerned over Trump's 'mixed messages' – as it happened,"Coronavirus US live: Maryland's Republican governor concerned over Trump's 'mixed messages' – as it happened <ul><li>Trump attacks ‘Noble-Prize’ winning journalists<br></li><li>Cuomo wants to reimagine, not just reopen New York<br></li><li>Dr Deborah Birx declines to criticize Trump’s disinfectant remarks<br></li><li><a href=""https://www.theguardian.com/world/series/coronavirus-live/latest"">Live global updates</a></li><li><a href=""https://www.theguardian.com/world/coronavirus-outbreak"">See all our coronavirus coverage</a></li><li>Get a fresh perspective on America – sign up to our <a href=""https://www.theguardian.com/info/2018/sep/17/guardian-us-morning-briefing-sign-up-to-stay-informed"">First Thing newsletter</a></li><li>Support the Guardian’s independent journalism. Make a <a href=""https://support.theguardian.com/uk/contribute?acquisitionData=%7B%22source%22%3A%22GUARDIAN_WEB%22%2C%22componentType%22%3A%22ACQUISITIONS_OTHER%22%2C%22componentId%22%3A%22Live_Blog%22%2C%22campaignCode%22%3A%22Impeachment%22%2C%22referrerPageviewId%22%3A%22k9h3nev6jf6iarbloeae%22%2C%22referrerUrl%22%3A%22https%3A%2F%2Fwww.theguardian.com%2Fus-news%2Flive%2F2020%2Fapr%2F25%2Fcoronavirus-us-live-news-donald-trump-updates%22%7D&amp;INTCMP=Impeachment"">contribution</a></li></ul>",Guardian,absent,neutral,0.0,0.0,,
Anthony Fauci denies Trump claim that he misled US public about coronavirus,Anthony Fauci denies Trump claim that he misled US public about coronavirus <ul><li>Health expert says ‘I will just continue to do my job’</li><li>Sinclair TV network pulls segment on Fauci conspiracy theory</li></ul>,Guardian,absent,neutral,0.0,0.0,,
Saturday Night Live: Brad Pitt plays Dr Anthony Fauci in standout virtual episode,"Saturday Night Live: Brad Pitt plays Dr Anthony Fauci in standout virtual episode <p>In SNL cold open, Fauci (Pitt) clears up Trump’s false claims about the coronavirus and Miley Cyrus performs a killer cover of Pink Floyd’s Wish You Were Here</p>",Guardian,absent,neutral,0.0,0.0,,
"Thursday briefing: Trump 'failed to do his job, on purpose'","Thursday briefing: Trump 'failed to do his job, on purpose' <p>Trump’s deadly decision to ‘play down’ coronavirus … call to make misogyny hate crime … and French writer on ‘the right not to like men’</p>",Guardian,negative,absent,-0.0294117647058823,0.0,,
Trump calls Washington Post report on early pandemic warning 'very inaccurate' - as it happened,"Trump calls Washington Post report on early pandemic warning 'very inaccurate' - as it happened <ul><li>Donald Trump says Congress is ‘very close’ on coronavirus legislation</li><li>US closes in on 20,000 cases of Covid-19</li><li><a href=""https://www.theguardian.com/world/live/2020/mar/21/coronavirus-live-updates-deaths-jump-in-spain-and-italy-millions-locked-down-in-us"">Follow global updates live</a></li><li><a href=""https://www.theguardian.com/world/coronavirus-outbreak"">See all our coronavirus coverage</a></li></ul>",Guardian,absent,absent,0.0,0.0,,
Two new positive cases found in Sydney; Victoria attorney general steps down – as it happened,"Two new positive cases found in Sydney; Victoria attorney general steps down – as it happened <p>Plus: federal government <a href=""https://www.theguardian.com/australia-news/live/2020/dec/16/australian-news-live-flood-nsw-queensland-qld-weather-coronavirus-covid-labor-coalition-malka-leifer?CMP=share_btn_tw&amp;page=with:block-5fd9610b8f08b0a99da974d9#block-5fd9610b8f08b0a99da974d9"">takes China to WTO</a> over barley tariffs, and storm and flood warnings issued for NSW. This blog is now closed</p><ul><li><a href=""https://www.theguardian.com/australia-news/2020/dec/16/nsw-records-new-local-covid-case-raising-questions-over-airline-crew-quarantine"">Aircrew driver tests positive for Covid in NSW</a></li><li><a href=""https://www.theguardian.com/world/live/2020/dec/16/coronavirus-live-news-trump-will-absolutely-encourage-americans-to-take-vaccine-says-press-secretary"">Follow coronavirus global news live</a></li></ul>",Guardian,absent,absent,0.0,0.0,,
Coronavirus economic relief talks resume as McConnell reportedly offers resistance - as it happened,"Coronavirus economic relief talks resume as McConnell reportedly offers resistance - as it happened <ul><li><a href=""https://www.theguardian.com/us-news/live/2020/oct/20/donald-trump-joe-biden-us-elections-debate-coronavirus-covid-19-fauci-live-updates?CMP=share_btn_tw&amp;page=with:block-5f8f143b8f08925a5d5dd6ac#block-5f8f143b8f08925a5d5dd6ac"">House speaker says she’s ‘optimistic’ about reaching a deal</a></li><li><a href=""https://www.theguardian.com/us-news/live/2020/oct/20/donald-trump-joe-biden-us-elections-debate-coronavirus-covid-19-fauci-live-updates?page=with:block-5f8e8db48f0898b435917e98#block-5f8e8db48f0898b435917e98"">Americans ‘tired of your lies about this virus’, Biden said of Trump</a></li><li><a href=""https://www.theguardian.com/us-news/live/2020/oct/19/donald-trump-joe-biden-coronavirus-covid-19-us-election-live-updates?page=with:block-5f8db0ed8f08d277d177db0a#block-5f8db0ed8f08d277d177db0a"">Trump: ‘People are tired of hearing of Fauci and all these idiots’</a></li><li><a href=""https://www.theguardian.com/us-news/2020/oct/20/trump-barr-special-prosecutor-joe-biden-hunter-biden"">Trump urges Barr to assign prosecutor to investigate Bidens</a></li><li><a href=""https://www.theguardian.com/us-news/2017/feb/22/us-politics-minute-sign-up-email-newsletter-app-notification"">Sign up for Fight to Vote – our weekly US election newsletter</a><br></li></ul>",Guardian,absent,absent,0.0,0.0,,
First Thing: 'A chapter in the book of Washington Covid mismanagement',"First Thing: 'A chapter in the book of Washington Covid mismanagement' <p>Trump’s orders to break the congressional impasse on Covid aid were dismissed – by a Republican – as ‘unconstitutional slop’. Plus, Beavis &amp; Butthead are back</p>",Guardian,negative,absent,-0.0277777777777777,0.0,,
Coronavirus US live: US now has more cases than any other country – as it happened,"Coronavirus US live: US now has more cases than any other country – as it happened <ul><li>US now has 82,404 confirmed cases, according to tracker</li><li><a href=""https://www.theguardian.com/us-news/2020/mar/26/new-york-andrew-cuomo-coronavirus-aid"">New York governor rails at Congress for lack of aid</a></li><li><a href=""https://www.theguardian.com/us-news/2020/mar/26/new-orleans-surviving-katrina-battles-covid-19-coronavirus"">After surviving Katrina, New Orleans battles Covid-19</a></li><li><a href=""https://www.theguardian.com/business/2020/mar/26/us-unemployment-rate-coronavirus-business"">Record 3.3 million Americans file for unemployment</a></li><li><a href=""https://www.theguardian.com/world/coronavirus-outbreak"">See all our coronavirus coverage</a><br></li><li>Support the Guardian’s independent journalism. Make a <a href=""https://support.theguardian.com/uk/contribute?acquisitionData=%7B%22source%22%3A%22GUARDIAN_WEB%22%2C%22componentType%22%3A%22ACQUISITIONS_OTHER%22%2C%22componentId%22%3A%22Live_Blog%22%2C%22campaignCode%22%3A%22Impeachment%22%2C%22referrerPageviewId%22%3A%22k88rrrjl98qgo9zv9jh2%22%2C%22referrerUrl%22%3A%22https%3A%2F%2Fwww.theguardian.com%2Fus-news%2Flive%2F2020%2Fmar%2F25%2Fcoronavirus-us-live-trump-news-stimulus-package-deal-senate%22%7D&amp;INTCMP=Impeachment"">contribution</a></li></ul>",Guardian,absent,absent,0.0,0.0,,
Biden and Harris release first public schedule as they begin transition – as it happened,"Biden and Harris release first public schedule as they begin transition – as it happened <ul><li><strong>THIS BLOG IS CLOSED: <a href=""https://www.theguardian.com/us-news/live/2020/nov/09/us-election-joe-biden-transition-donald-trump-coronavirus-covid-kamala-harris-live-news-updates"">Continuing live coverage is now here</a></strong></li><li><a href=""https://www.theguardian.com/us-news/2020/nov/07/joe-biden-wins-us-election-donald-trump-loses-final-result-2020"">Joe Biden wins US election after four tumultuous years of Trump</a></li><li><a href=""https://www.theguardian.com/us-news/ng-interactive/2020/nov/07/us-election-2020-live-results-donald-trump-joe-biden-presidential-votes-pennsylvania-georgia-arizona-nevada"">Trump v Biden – full 2020 results as they come in</a><br></li></ul>",Guardian,absent,absent,0.0,0.0,,
Trump offers boasts and insults at CDC press conference on coronavirus – as it happened,"Trump offers boasts and insults at CDC press conference on coronavirus – as it happened <ul><li>President says he wants passengers to stay on cruise</li><li>Biden wins new endorsements from leading Democrats</li><li>Support the Guardian’s independent journalism. Make a <a href=""https://support.theguardian.com/uk/contribute?acquisitionData=%7B%22source%22%3A%22GUARDIAN_WEB%22%2C%22componentType%22%3A%22ACQUISITIONS_OTHER%22%2C%22componentId%22%3A%22Live_Blog%22%2C%22campaignCode%22%3A%22Impeachment%22%2C%22referrerPageviewId%22%3A%22k7g785d7vp573wcuef5e%22%2C%22referrerUrl%22%3A%22https%3A%2F%2Fwww.theguardian.com%2Fus-news%2Flive%2F2020%2Fmar%2F05%2Felizabeth-warren-donald-trump-bernie-sanders-joe-biden-live-updates%22%7D&amp;INTCMP=Impeachment"">contribution</a><br></li></ul>",Guardian,absent,absent,0.0,0.0,,
Business leaders criticize Trump's new restrictions on worker visas – as it happened,"Business leaders criticize Trump's new restrictions on worker visas – as it happened <ul><li><a href=""https://www.theguardian.com/us-news/live/2020/jun/22/john-bolton-donald-trump-protests-coronavirus-phoenix-speech-latest-news-updates?page=with:block-5ef131478f087111a86b66fd#block-5ef131478f087111a86b66fd"">Amazon, Google and US Chamber of Commerce issue statements</a></li><li><a href=""https://www.theguardian.com/us-news/live/2020/jun/22/john-bolton-donald-trump-protests-coronavirus-phoenix-speech-latest-news-updates?page=with:block-5ef10b158f087111a86b65b2#block-5ef10b158f087111a86b65b2"">Trump staffers who attended rally test positive for coronavirus</a></li><li><a href=""https://www.theguardian.com/us-news/live/2020/jun/22/john-bolton-donald-trump-protests-coronavirus-phoenix-speech-latest-news-updates?page=with:block-5ef0ef0a8f087111a86b6471#block-5ef0ef0a8f087111a86b6471"">White House defends Trump’s use of a racist phrase to describe Covid-19</a></li><li><a href=""https://www.theguardian.com/us-news/live/2020/jun/22/john-bolton-donald-trump-protests-coronavirus-phoenix-speech-latest-news-updates?page=with:block-5ef0eaf58f087111a86b643e#block-5ef0eaf58f087111a86b643e"">McEnany denies Trump ordered testing to be slowed</a></li><li><a href=""https://www.theguardian.com/us-news/live/2020/jun/22/john-bolton-donald-trump-protests-coronavirus-phoenix-speech-latest-news-updates?page=with:block-5ef0dee68f082875f449001d#block-5ef0dee68f082875f449001d"">Biden commits to three presidential debates</a></li><li><a href=""https://www.theguardian.com/world/2020/jun/22/us-coronavirus-spikes-first-wave-not-over"">Half of US states see coronavirus surge</a></li><li>Sign up to our <a href=""https://www.theguardian.com/info/2018/sep/17/guardian-us-morning-briefing-sign-up-to-stay-informed"">First Thing newsletter</a><br></li></ul>",Guardian,absent,absent,0.0,0.0,,
Donald Trump offers to invite Vladimir Putin to expanded G7 summit,"Donald Trump offers to invite Vladimir Putin to expanded G7 summit <p>US president initiated call with Russian leader, according to Kremlin account, where they discussed pandemic, oil and space</p>",Guardian,absent,absent,0.0,0.0,,
"America isn't breaking. It was already broken, and these are just the symptoms","America isn't breaking. It was already broken, and these are just the symptoms <p>It’s not just the pandemic, or the killing of George Floyd, or Trump – it’s centuries of oppression, like kindling to a fire<br></p>",Guardian,absent,absent,0.0,0.0,,
Trump aide admits 'we're not going to control pandemic' as Pence staff test positive,"Trump aide admits 'we're not going to control pandemic' as Pence staff test positive <ul><li>Senior aide Marc Short has virus but Pence will still campaign</li><li><a href=""https://www.theguardian.com/world/2020/oct/25/us-coronavirus-covid-cases-surge"">US close to new daily record for coronavirus cases</a></li><li><a href=""https://www.theguardian.com/us-news/2020/oct/24/us-election-polls-tracker-trump-biden-swing-states"">US election polls tracker: who is leading in the swing states?</a></li></ul>",Guardian,absent,absent,0.0,0.0,,
"UK reports 22,961 new cases – as it happened","UK reports 22,961 new cases – as it happened <p>This blog is now closed. We’ve launched a new blog at the link below: </p><ul><li><a href=""https://www.theguardian.com/world/live/2020/oct/05/coronavirus-live-news-global-covid-cases-pass-35m-walter-reed-doctor-calls-donald-trump-drive-insanity"">Coronavirus news – live</a></li></ul>",Guardian,absent,absent,0.0,0.0,,
Biden says Trump 'gone round the bend if he thinks we've turned corner' on Covid as cases surge – as it happened,"Biden says Trump 'gone round the bend if he thinks we've turned corner' on Covid as cases surge – as it happened <ul><li>Biden: ‘Things are getting worse, and he continues to lie to us’</li><li>Whitmer aide: rhetoric against Michigan governor ‘has to stop’</li><li>Trump trails Biden as campaigns head for battleground states</li><li><a href=""https://www.theguardian.com/us-news/2020/oct/18/trump-wisconsin-economy-election"">Trump hopes fade in Wisconsin as economy boast unravels</a></li><li><a href=""https://www.theguardian.com/books/2020/oct/18/traitor-review-benedict-arnold-donald-trump-david-rothkopf"">Traitor: American perfidy, from Benedict Arnold to Trump</a></li><li><a href=""https://www.theguardian.com/us-news/2017/feb/22/us-politics-minute-sign-up-email-newsletter-app-notification"">Sign up for Fight to Vote – our weekly US election newsletter</a></li></ul>",Guardian,absent,absent,0.0,0.0,,
Mueller castigates Trump's decision to commute Roger Stone's sentence – as it happened,"Mueller castigates Trump's decision to commute Roger Stone's sentence – as it happened <ul><li>Nancy Pelosi calls commutation a ‘threat to national security’</li><li><a href=""https://www.theguardian.com/us-news/2020/jul/12/robert-mueller-breaks-his-silence-and-condemns-trump-for-commuting-roger-stones-sentence"">Mueller breaks silence and condemns Trump for commuting sentence</a></li><li>Sign up to our <a href=""https://www.theguardian.com/info/2018/sep/17/guardian-us-morning-briefing-sign-up-to-stay-informed"">First Thing newsletter</a></li><li><a href=""https://www.theguardian.com/world/live/2020/jul/11/coronavirus-australias-victoria-state-begins-lockdown-france-exceeds-30000-deaths"">Global coronavirus liveblog: latest updates</a></li></ul>",Guardian,absent,absent,0.0,0.0,,
"From Trump to Erdoğan, men who behave badly make the worst leaders in a pandemic","From Trump to Erdoğan, men who behave badly make the worst leaders in a pandemic <p>It’s the authoritarians who have mishandled and misjudged the Covid-19 crisis <br></p>",Guardian,absent,absent,0.0,0.0,,
'They're dying … it is what it is': key takeaways from Trump's shocking interview,"'They're dying … it is what it is': key takeaways from Trump's shocking interview <p>President floundered in conversation with Axios, claiming Covid-19 was ‘under control’ and attacking mail-in voting</p>",Guardian,positive,absent,0.0357142857142857,0.0,,
Covid at the Trump White House: what we know so far,"Covid at the Trump White House: what we know so far <p>A coronavirus outbreak in the White House that emerged last week has continued to spread throughout the ranks. Here’s what we know </p><ul><li><a href=""https://www.theguardian.com/world/series/coronavirus-live/latest"">Coronavirus – latest updates</a></li><li><a href=""https://www.theguardian.com/world/coronavirus-outbreak"">See all our coronavirus coverage</a></li></ul>",Guardian,absent,absent,0.0,0.0,,
First Thing: the US bought the world's entire supply of a Covid-19 drug,"First Thing: the US bought the world's entire supply of a Covid-19 drug <p>The Trump administration snapped up stocks of remdesivir, one of just two two drugs proven to work against the virus. Plus, the black female homicide detective who was New Orleans’ top cop</p><ul><li><strong><a href=""https://www.theguardian.com/info/2018/sep/17/guardian-us-morning-briefing-sign-up-to-stay-informed"">Don’t already get First Thing in your inbox? Sign up here</a></strong></li></ul>",Guardian,absent,absent,0.0,0.0,,
Louisville protests: two officers shot amid Breonna Taylor killing charging decision,"Louisville protests: two officers shot amid Breonna Taylor killing charging decision <p>Thousands turned out for largely peaceful protests in more than a dozen cities after news of the grand jury’s decision in Louisville</p><ul><li><a href=""https://www.theguardian.com/us-news/live/2020/sep/23/joe-biden-campaign-north-carolina-donald-trump-covid-coronavirus-supreme-court-us-politics-live"">Breonna Taylor decision – live updates</a></li></ul>",Guardian,absent,absent,0.0,0.0,,
WHO conditionally backs Covid-19 vaccine trials that infect people – as it happened,"WHO conditionally backs Covid-19 vaccine trials that infect people – as it happened <p>20m Americans lost their jobs in April; Donald Trump says virus will ‘go away without a vaccine’. This blog is now closed, follow our new blog below</p><ul><li><a href=""https://www.theguardian.com/world/live/2020/may/09/coronavirus-live-news-global-cases-approach-4-million-trump-us-unemployment-covid-19-lockdown-uk-italy-russia"">Coronavirus live updates</a></li></ul>",Guardian,absent,absent,0.0,0.0,,
'Are people dispensable?': care home manager tells how third of residents have died from Covid-19,"'Are people dispensable?': care home manager tells how third of residents have died from Covid-19 <p>Easter weekend brings a 10th coronavirus death at Wren Hall in Nottinghamshire, where staff feel they are ‘fighting a losing battle’</p><ul><li><a href=""https://www.theguardian.com/world/2020/apr/14/uk-care-home-providers-report-521-coronavirus-deaths"">Two of UK’s largest care home providers report 521 coronavirus deaths</a></li><li><a href=""https://www.theguardian.com/world/live/2020/apr/14/coronavirus-live-news-cases-worldwide-near-2-million-trump-repeats-who-funding-threat-latest-updates"">Coronavirus – latest updates</a></li><li><a href=""https://www.theguardian.com/world/coronavirus-outbreak"">See all our coronavirus coverage</a></li></ul>",Guardian,absent,absent,0.0,0.0,,
Coronavirus US live: press secretary defends Trump over blocking Fauci's testimony – as it happened,"Coronavirus US live: press secretary defends Trump over blocking Fauci's testimony – as it happened <ul><li><a href=""https://www.theguardian.com/world/live/2020/may/06/us-coronavirus-live-trump-taskforce-fauci-reopening-latest-news-updates?page=with:block-5eb2e46d8f086792686d9dc2#block-5eb2e46d8f086792686d9dc2"">Pelosi attacks Trump’s focus on reopening</a></li><li><a href=""https://www.theguardian.com/world/live/2020/may/06/us-coronavirus-live-trump-taskforce-fauci-reopening-latest-news-updates?page=with:block-5eb2fc538f08597eeb1b73e3#block-5eb2fc538f08597eeb1b73e3"">President reportedly questions accuracy of death toll</a></li><li><a href=""https://www.theguardian.com/us-news/2020/may/06/trump-coronavirus-white-house-taskforce-covid-19"">Trump reverses course and says coronavirus taskforce will stay</a></li><li><a href=""https://www.theguardian.com/us-news/2020/may/06/missouri-coronavirus-economy-governor-mike-parson"">US begins to reopen but businesses and customers in no rush to get back</a></li><li><a href=""https://www.theguardian.com/world/series/coronavirus-live/latest"">Live global updates</a><br></li><li><a href=""https://www.theguardian.com/world/coronavirus-outbreak"">See all our coronavirus coverage</a></li><li>Get a fresh perspective on America – sign up to our <a href=""https://www.theguardian.com/info/2018/sep/17/guardian-us-morning-briefing-sign-up-to-stay-informed"">First Thing newsletter</a></li></ul>",Guardian,negative,absent,-0.0277777777777777,0.0,,
Coronavirus: No Danish virus deaths for first time since March – as it happened,"Coronavirus: No Danish virus deaths for first time since March – as it happened <p>Europe ‘could face deadly second wave of winter infections’; Spain hails large-scale antibody study; no Danish virus deaths for first time since March</p><ul><li><a href=""https://www.theguardian.com/world/live/2020/may/15/coronavirus-live-news-trump-says-he-could-cut-china-ties-as-global-deaths-pass-300000-latest-updates?page=with:block-5ebebd7f8f08a1782fa7b7db#block-5ebebd7f8f08a1782fa7b7db"">Europe could face deadly second wave of winter infections</a></li><li><a href=""https://www.theguardian.com/world/2020/may/15/brazil-health-minister-nelson-teich-resigns"">Brazil loses second health minister in less than a month</a><br></li><li><a href=""https://www.theguardian.com/world/live/2020/may/15/coronavirus-us-live-house-vote-stimulus-package-donald-trump-latest-news-updates"">US coronavirus updates – live</a><br></li><li><a href=""https://www.theguardian.com/world/2020/may/15/coronavirus-latest-at-a-glance-friday"">Coronavirus latest: at a glance</a><br></li></ul>",Guardian,absent,absent,0.0,0.0,,
